"fid","mid","kcal","kcalm","kcalf","sex","age","agem","agef"
"v84tz","ak0mn",NA,NA,NA,1,NA,42,47
"xuwsm","z0fx1",NA,369.50537109375,5289.39501953125,2,NA,21.5,28
NA,NA,NA,NA,NA,1,NA,NA,NA
"arc3c","qmn6a",NA,722.73095703125,4324.80712890625,1,NA,21.5,23.5
"nnfo6","y5qe0",NA,NA,NA,2,NA,43,45
"ubzm9","fmlt8",NA,NA,NA,2,NA,NA,NA
NA,"bsf9s",NA,664.677429199219,NA,2,NA,13,NA
NA,NA,NA,NA,NA,1,NA,NA,NA
NA,NA,NA,NA,NA,2,NA,NA,NA
NA,"krz6v",NA,NA,NA,1,NA,75,NA
NA,"ii1qm",NA,NA,NA,2,NA,NA,NA
"bxfrh","r42e3",4171.05908203125,NA,NA,2,67,NA,NA
NA,"k6360",NA,NA,NA,2,NA,13,NA
"cz42b","pqerq",NA,4949.20556640625,2606.29223632812,2,NA,25,25
NA,NA,0,NA,NA,NA,1,NA,NA
"llexh","b96dy",NA,NA,NA,2,NA,15,25
"gg2jx","oh3sx",NA,NA,NA,1,NA,NA,NA
"exlsl","q04di",NA,NA,NA,2,NA,57,61
NA,"xqw4s",NA,NA,NA,2,NA,11,NA
NA,NA,NA,NA,NA,NA,NA,NA,NA
"dlhz5","k7f1n",NA,NA,NA,1,NA,32,32
"arc3c","qmn6a",NA,722.73095703125,4324.80712890625,1,NA,21.5,23.5
"ks0ic",NA,NA,NA,NA,2,NA,NA,68
NA,"zj5sw",NA,NA,NA,1,NA,56,NA
"s41gq","v67ej",NA,NA,NA,1,NA,34,49
"uk5v6","l7e22",NA,NA,NA,2,NA,32,35
"bus6f","a0kwx",NA,NA,NA,1,NA,12,22
NA,"rg01e",NA,NA,NA,2,NA,NA,NA
NA,"k7f1n",NA,NA,NA,2,NA,32,NA
"dvb3a","iax7l",NA,NA,NA,1,NA,47,56
NA,NA,NA,NA,NA,NA,NA,NA,NA
"jznfw","ldkvs",NA,NA,NA,NA,NA,35,41
"jjdtc","h31ly",NA,NA,2352.0107421875,1,NA,67,76
"ea06n","k2fxt",NA,NA,NA,2,NA,NA,NA
"dvb3a","iax7l",NA,NA,NA,1,NA,47,56
NA,NA,NA,NA,NA,NA,NA,NA,NA
NA,"wnmgs",NA,NA,NA,2,NA,31,NA
NA,NA,NA,NA,NA,2,NA,NA,NA
"e19do","izb7u",NA,NA,NA,1,NA,41,45
"rjqc1","xj2wk",NA,1611.26574707031,2261.6064453125,1,NA,59,56
NA,NA,NA,NA,NA,NA,NA,NA,NA
"gu77c","z7ai2",NA,NA,NA,2,NA,NA,NA
"l4048","rj01x",NA,NA,NA,1,NA,30.5,48
"eiv7x","wbvhf",NA,NA,NA,2,NA,16.5,19.2999992370605
"vc7kn","nt1nz",NA,4137.11083984375,NA,1,NA,32,46
NA,"gwgmc",NA,NA,NA,1,NA,18,NA
NA,NA,NA,NA,NA,NA,NA,NA,NA
NA,"dlcpj",NA,NA,NA,1,NA,35,NA
NA,NA,NA,NA,NA,2,NA,NA,NA
NA,NA,NA,NA,NA,NA,NA,NA,NA
"t4dt6",NA,NA,NA,1614.49462890625,1,NA,NA,42
"uts70","ddwoq",NA,2706.81665039062,NA,2,NA,66,66
NA,NA,NA,NA,NA,2,NA,NA,NA
NA,NA,NA,NA,NA,1,NA,NA,NA
"yelcr","qnbhr",NA,NA,NA,1,NA,-7.82999992370605,63
"g9rqg","oy5lp",NA,NA,NA,1,NA,86,NA
NA,"ndbfc",NA,NA,NA,1,NA,71,NA
"ks0ic","a5bxr",NA,NA,NA,1,NA,74,68
NA,"fitbg",NA,NA,NA,2,NA,81,NA
"t9fii","y3fem",NA,NA,NA,1,NA,39,NA
"q0d3k","bpvps",NA,NA,NA,1,NA,66,43
NA,NA,NA,NA,NA,NA,NA,NA,NA
"evjer","wcb7x",NA,NA,NA,2,NA,70,NA
"imee6","d2ddc",NA,NA,NA,2,NA,63,70
NA,NA,NA,NA,NA,1,NA,NA,NA
"ls2hf","rkxgr",NA,6517.00732421875,NA,2,NA,51,NA
"i5ae4","ukb39",NA,NA,NA,2,NA,26,NA
NA,"c38r7",NA,NA,NA,2,NA,NA,NA
"l4048","rj01x",NA,NA,NA,1,NA,30.5,48
"zi5la","ztkoj",NA,NA,NA,1,NA,70,68
NA,NA,NA,NA,NA,NA,NA,NA,NA
NA,NA,NA,NA,NA,NA,NA,NA,NA
"opfb9","h8u1g",833.278686523438,0,NA,2,65,76,NA
"u8no5","tu81t",NA,NA,NA,1,NA,NA,NA
"i0fra","pd8dv",4949.20556640625,4476.65478515625,2754.9638671875,2,24,62,61
NA,NA,NA,NA,NA,1,NA,NA,NA
NA,"heo69",NA,NA,NA,1,NA,51,NA
"yjt37","mmcto",NA,NA,NA,1,NA,61,67
NA,"mtqg2",NA,NA,NA,1,NA,36,NA
"ks0ic","hetk3",NA,NA,NA,2,NA,NA,68
NA,NA,NA,NA,NA,NA,NA,NA,NA
NA,"wegrm",NA,NA,NA,2,NA,NA,NA
"aan8t","kgeze",NA,1636.31884765625,NA,2,NA,65,NA
NA,NA,NA,NA,NA,NA,NA,NA,NA
NA,NA,NA,NA,NA,NA,NA,NA,NA
"exlsl","q04di",NA,NA,NA,2,NA,57,61
"bxhhq","jy5qp",NA,NA,NA,1,NA,35,40.5
"rjqc1","xj2wk",NA,1611.26574707031,2261.6064453125,1,NA,59,56
"jjdtc","h31ly",NA,NA,2352.0107421875,2,NA,67,76
NA,NA,NA,NA,NA,NA,NA,NA,NA
"vc7kn","nt1nz",NA,4137.11083984375,NA,1,NA,32,46
"idzrg","uwhyz",NA,NA,NA,1,NA,66,NA
NA,NA,NA,NA,NA,1,NA,NA,NA
"eb6yg","z6nna",8016.15966796875,NA,NA,1,39,64,78
"ffyej",NA,NA,NA,NA,2,NA,NA,25
"yelcr","gjy49",NA,NA,NA,1,NA,31,63
"jml6w","b1aai",NA,NA,NA,2,NA,NA,59
NA,NA,NA,NA,NA,2,NA,NA,NA
"s41gq","v67ej",NA,NA,NA,1,NA,34,49
"xuwsm","z0fx1",NA,369.50537109375,5289.39501953125,2,NA,21.5,28
NA,"r4s6p",NA,NA,NA,2,NA,NA,NA
NA,NA,NA,NA,NA,NA,NA,NA,NA
NA,NA,NA,NA,NA,NA,NA,NA,NA
"aenht","zhzqy",NA,2481.63989257812,7886.14990234375,1,NA,49,56
"bhciu","sdj7f",NA,NA,NA,2,NA,42.5,NA
NA,NA,558.018371582031,NA,NA,1,13,NA,NA
NA,NA,NA,NA,NA,NA,NA,NA,NA
NA,NA,NA,NA,NA,NA,NA,NA,NA
"l4048","rj01x",NA,NA,NA,2,NA,30.5,48
"otnre","cz010",NA,2808.53588867188,NA,1,NA,46,42
"yfk7y","p30ez",NA,NA,NA,2,NA,61,NA
"arc3c","qmn6a",NA,722.73095703125,4324.80712890625,2,NA,21.5,23.5
"l4048","rj01x",NA,NA,NA,2,NA,30.5,48
"aan8t","kgeze",2129.28271484375,1636.31884765625,NA,2,24,65,NA
"bxhhq","ip3cb",NA,NA,NA,1,NA,36,40.5
"i0fra","p3mnx",NA,NA,2754.9638671875,1,NA,NA,61
NA,NA,NA,NA,NA,1,NA,NA,NA
NA,"xtbbc",NA,NA,NA,2,NA,21,NA
"kx4f4","mh29l",NA,4378.634765625,NA,1,NA,65,72
NA,NA,NA,NA,NA,NA,NA,NA,NA
NA,NA,NA,NA,NA,2,NA,NA,NA
NA,NA,NA,NA,NA,2,NA,NA,NA
"w29y8","d1hcd",NA,NA,NA,1,NA,60,51
"aan8t","kgeze",NA,1636.31884765625,NA,2,NA,65,NA
NA,NA,NA,NA,NA,NA,NA,NA,NA
"ynuzi","tgbx9",0,4231.89990234375,409.446563720703,1,3.75,28.5599994659424,28.5
"fquo7",NA,NA,NA,NA,1,NA,NA,51
"epu2p","is7f0",NA,NA,NA,2,NA,16,17.5
"kpi19","v91xv",NA,NA,NA,1,NA,35,86
"egrjp","z857z",NA,78.2818145751953,NA,1,NA,50,48.5
NA,NA,NA,NA,NA,NA,NA,NA,NA
"bus6f","a0kwx",NA,NA,NA,2,NA,12,22
NA,NA,NA,NA,NA,NA,NA,NA,NA
NA,NA,NA,NA,NA,1,NA,NA,NA
"f03xz","kdf26",1344.92224121094,NA,NA,2,43,NA,88
"csxsp","p9d69",NA,NA,NA,1,NA,25,33
"nc3w9","pkuih",NA,NA,NA,1,NA,34,4
"ucjcs","pat8c",NA,1050.15539550781,4434.90478515625,1,NA,20,36
NA,"b1aai",NA,NA,NA,2,NA,NA,NA
"asn4w","tv4ae",NA,NA,NA,1,NA,NA,NA
NA,"oyc9i",NA,NA,NA,1,NA,NA,NA
"fgshf","rq15a",NA,NA,990.088684082031,2,NA,31,32
"sqmsd",NA,NA,NA,NA,1,NA,NA,NA
"xpo51","vvemo",NA,2296.67236328125,31.766918182373,1,NA,54,53
"un2am","lplfz",NA,2129.28271484375,4408.14501953125,1,NA,24,37
"arc3c","qmn6a",NA,722.73095703125,4324.80712890625,1,NA,21.5,23.5
NA,"fitbg",2068.77661132812,NA,NA,2,54,81,NA
"nvgt8","ry7vc",NA,NA,NA,2,NA,78,86
"xbbuu","a4pbf",NA,NA,NA,2,NA,44,51
NA,NA,NA,NA,NA,NA,NA,NA,NA
NA,NA,NA,NA,NA,NA,NA,NA,NA
"iaf0x","zzetw",NA,3161.51879882812,2981.56762695312,2,NA,44,48
NA,NA,NA,NA,NA,NA,NA,NA,NA
NA,NA,NA,NA,NA,NA,NA,NA,NA
NA,NA,NA,NA,NA,2,NA,NA,NA
NA,NA,NA,NA,NA,NA,NA,NA,NA
"idzrg","oyc9i",NA,NA,NA,1,NA,NA,NA
NA,NA,NA,NA,NA,NA,NA,NA,NA
"arc3c","qmn6a",NA,722.73095703125,4324.80712890625,2,NA,21.5,23.5
NA,NA,NA,NA,NA,2,NA,NA,NA
"ovp7g","f0ek4",NA,1653.83996582031,NA,1,NA,10.5,13
NA,NA,NA,NA,NA,2,NA,NA,NA
NA,NA,NA,NA,NA,NA,NA,NA,NA
NA,NA,NA,NA,NA,NA,NA,NA,NA
"nnu2w","jei53",NA,NA,NA,2,NA,NA,22.3500003814697
"dvb3a","iax7l",NA,NA,NA,2,NA,47,56
"i5ae4","ukb39",NA,NA,NA,2,NA,26,NA
NA,NA,NA,NA,NA,2,NA,NA,NA
"rc10x","a4x4v",NA,NA,NA,2,NA,NA,NA
NA,NA,NA,NA,NA,NA,NA,NA,NA
"ykdb5","ebdon",NA,NA,NA,2,NA,59,NA
"b6qtj","vhe99",NA,833.278686523438,NA,1,NA,66,68
"l4048","rj01x",NA,NA,NA,2,NA,30.5,48
"ls30o","vi5b3",1175.35290527344,NA,2406.7333984375,2,16.5,31,38.2000007629395
"fgshf","rq15a",1653.83996582031,NA,990.088684082031,2,9.5,31,32
"rjqc1","xj2wk",NA,1611.26574707031,2261.6064453125,1,NA,59,56
NA,"xtbbc",NA,NA,NA,2,NA,21,NA
"fgshf","rq15a",NA,NA,990.088684082031,1,NA,31,32
"o284l","pzxei",NA,61.3888893127441,NA,2,NA,38,41
"b6qtj","vhe99",NA,833.278686523438,NA,1,NA,66,68
"s7tsx","vekv7",NA,NA,NA,1,NA,40,25
"jml6w","wxfl3",NA,NA,NA,1,NA,69,59
NA,NA,NA,NA,NA,NA,NA,NA,NA
"aan8t","kgeze",NA,1636.31884765625,NA,2,NA,65,NA
"mop1n","h5vfr",NA,NA,NA,2,NA,21,34
"ucjcs","p1x4b",NA,NA,4434.90478515625,1,NA,36,36
"aan8t","kgeze",2808.53588867188,1636.31884765625,NA,2,46,65,NA
NA,NA,NA,NA,NA,NA,NA,NA,NA
"ixnih","z857z",NA,78.2818145751953,0,1,NA,50,56
NA,"pf49i",NA,NA,NA,2,NA,NA,NA
"dc668","ifxbn",NA,NA,NA,2,NA,37.5,32
NA,NA,NA,NA,NA,NA,NA,NA,NA
"l4048","rj01x",NA,NA,NA,1,NA,30.5,48
"otnre","cz010",NA,2808.53588867188,NA,1,NA,46,42
"ami7o","ugd0l",NA,NA,NA,1,NA,24,34
NA,NA,NA,NA,NA,NA,NA,NA,NA
NA,NA,NA,NA,NA,1,NA,NA,NA
NA,NA,NA,NA,NA,NA,NA,NA,NA
"oy686","jj2yn",NA,NA,NA,2,NA,19.5,22
"l4048","y3fem",NA,NA,NA,1,NA,39,48
"r3bet","v789a",NA,NA,NA,2,NA,22.5,34
NA,"b3iw8",NA,NA,NA,2,NA,20,NA
"jynod",NA,NA,NA,NA,1,NA,NA,29
"yn61w","gn91f",0,NA,NA,1,24,63,62
"ks0ic","a5bxr",NA,NA,NA,2,NA,74,68
"wiwje","vvemo",NA,2296.67236328125,NA,1,NA,54,71
"b8jtt","m00gy",NA,3653.23095703125,3012.837890625,1,NA,54,60.5
"ucjcs","p1x4b",NA,NA,4434.90478515625,1,NA,36,36
NA,"hdrb1",NA,NA,NA,1,NA,27,NA
NA,NA,NA,NA,NA,NA,NA,NA,NA
"e1j1e","wilbx",NA,NA,NA,1,NA,21.5,24
"gu77c","z7ai2",NA,NA,NA,2,NA,NA,NA
NA,"wnmgs",NA,NA,NA,2,NA,31,NA
"xyf3r","ik6si",NA,NA,NA,2,NA,35,36
"hsga4","rvmrf",NA,NA,NA,1,NA,40,NA
"t8ozm","vi5b3",NA,NA,NA,1,NA,31,31
"xuwsm","z0fx1",NA,369.50537109375,5289.39501953125,1,NA,21.5,28
"bm6wq","vvemo",1014.07855224609,2296.67236328125,1470.46484375,2,31,54,66
"f5nd8","eetx5",NA,NA,NA,2,NA,NA,NA
NA,"wf3wl",NA,NA,NA,2,NA,87,NA
NA,NA,NA,NA,NA,2,NA,NA,NA
NA,"rq15a",NA,NA,NA,1,NA,31,NA
"kpi19","a0ah6",7886.14990234375,NA,NA,1,55,83,86
NA,NA,NA,NA,NA,2,NA,NA,NA
NA,NA,NA,NA,NA,NA,NA,NA,NA
NA,NA,NA,NA,NA,NA,NA,NA,NA
"fgshf","rq15a",NA,NA,990.088684082031,2,NA,31,32
"aan8t","kgeze",4137.11083984375,1636.31884765625,NA,2,32,65,NA
NA,"uwhyz",NA,NA,NA,1,NA,66,NA
"bhciu","erjmn",NA,NA,NA,2,NA,34,NA
"y0jlb","ak0mn",NA,NA,NA,1,NA,42,NA
"jjdtc","h31ly",NA,NA,2352.0107421875,1,NA,67,76
NA,"s21qk",NA,NA,NA,2,NA,84,NA
"kz2g3","ye577",0,NA,NA,1,4,33,41
"e19do","izb7u",NA,NA,NA,1,NA,41,45
NA,NA,NA,NA,NA,1,NA,NA,NA
NA,NA,4135.33447265625,NA,NA,2,64,NA,NA
NA,NA,NA,NA,NA,2,NA,NA,NA
NA,NA,NA,NA,NA,NA,NA,NA,NA
"dc668","ifxbn",NA,NA,NA,2,NA,37.5,32
"epu2p","wdt18",NA,NA,NA,2,NA,20.5,17.5
"j01g0","vdy56",NA,3242.33276367188,NA,2,NA,42,50
NA,NA,NA,NA,NA,2,NA,NA,NA
"yld2j","jxsdf",NA,NA,NA,1,NA,NA,NA
"jjdtc","h31ly",NA,NA,2352.0107421875,1,NA,67,76
"csxsp","p9d69",NA,NA,NA,2,NA,25,33
"l4048","rj01x",NA,NA,NA,2,NA,30.5,48
NA,"pv3uc",NA,NA,NA,2,NA,21,NA
NA,"cu3zf",NA,NA,NA,1,NA,78,NA
NA,NA,NA,NA,NA,NA,NA,NA,NA
"rc10x","a4x4v",NA,NA,NA,2,NA,NA,NA
NA,NA,NA,NA,NA,2,NA,NA,NA
NA,NA,NA,NA,NA,2,NA,NA,NA
NA,NA,NA,NA,NA,NA,NA,NA,NA
"xpo51","oenx4",NA,3964.9541015625,31.766918182373,2,NA,38,53
NA,NA,NA,NA,NA,NA,NA,NA,NA
"xuwsm","z0fx1",NA,369.50537109375,5289.39501953125,2,NA,21.5,28
"jjdtc","bepky",4920.8076171875,5488.13720703125,2352.0107421875,2,21.25,57,76
NA,NA,NA,NA,NA,2,NA,NA,NA
"kz2g3","ye577",NA,NA,NA,1,NA,33,41
"epu2p","is7f0",NA,NA,NA,2,NA,16,17.5
NA,"krz6v",NA,NA,NA,2,NA,75,NA
"r9nni","rvmrf",NA,NA,NA,1,NA,40,NA
NA,NA,6517.00732421875,NA,NA,NA,51,NA,NA
"nnu2w","x86yw",NA,3493.11254882812,NA,1,NA,14.5,22.3500003814697
"aewuf","gx46k",NA,NA,91.8478240966797,2,NA,16,16.3899993896484
"nyua3","oa30u",0,1014.07855224609,1282.51550292969,1,1,32,37
"tm63m","xcj17",NA,NA,NA,1,NA,56.5,66
"ku5yo","hrd79",NA,NA,NA,2,NA,30,46
"agwpw","tr8fg",NA,NA,NA,2,NA,46,NA
"uts70","ddwoq",NA,2706.81665039062,NA,2,NA,66,66
NA,"oyp2e",NA,1524.525390625,NA,1,NA,35,NA
NA,NA,NA,NA,NA,2,NA,NA,NA
"ykdb5","ebdon",NA,NA,NA,2,NA,59,NA
"ngc5k","j466d",NA,NA,NA,2,NA,52,51
"ynuzi","tgbx9",NA,4231.89990234375,409.446563720703,2,NA,28.5599994659424,28.5
NA,NA,NA,NA,NA,NA,NA,NA,NA
NA,"oh3sx",NA,NA,NA,2,NA,NA,NA
"plopm","yz0dy",NA,697.843933105469,NA,1,NA,57,NA
NA,NA,0,NA,NA,NA,4.34999990463257,NA,NA
"jrcy8","p9d69",NA,NA,NA,1,NA,25,39
NA,NA,NA,NA,NA,NA,NA,NA,NA
"xp3st","a4x4v",NA,NA,NA,2,NA,NA,NA
"ynuzi","tgbx9",NA,4231.89990234375,409.446563720703,1,NA,28.5599994659424,28.5
NA,"m3x5b",NA,NA,NA,1,NA,22,NA
"hmiqm","mv28x",NA,NA,1217.74340820312,1,NA,NA,61
NA,NA,NA,NA,NA,2,NA,NA,NA
"ykdb5","ebdon",NA,NA,NA,2,NA,59,NA
"wm4e3","tnh9r",61.3888893127441,NA,742.187316894531,2,38,64,63
"jml6w","b1aai",NA,NA,NA,1,NA,NA,59
"jml6w","b1aai",NA,NA,NA,2,NA,NA,59
"kx4f4","skuml",5017.22216796875,NA,NA,2,33,61,72
"xgzu7","c0e2u",0,NA,NA,2,20.5,61,44
"xgzu7","c0e2u",NA,NA,NA,2,NA,61,44
"bxt3q","rnpan",NA,NA,NA,1,NA,21,36
NA,NA,NA,NA,NA,NA,NA,NA,NA
"yld2j","jxsdf",NA,NA,NA,1,NA,NA,NA
NA,NA,NA,NA,NA,1,NA,NA,NA
"bus6f","a0kwx",NA,NA,NA,2,NA,12,22
"y7018","pg57e",NA,1042.96643066406,NA,2,NA,37,49
"f03xz","kdf26",2481.63989257812,NA,NA,2,48,NA,88
NA,NA,NA,NA,NA,2,NA,NA,NA
NA,NA,NA,NA,NA,NA,NA,NA,NA
NA,NA,NA,NA,NA,2,NA,NA,NA
"pz5xe","v1rzm",NA,2434.17529296875,NA,1,NA,47,NA
"wiwje","vvemo",NA,2296.67236328125,NA,1,NA,54,71
"arc3c","qmn6a",NA,722.73095703125,4324.80712890625,2,NA,21.5,23.5
"v84tz","ak0mn",NA,NA,NA,1,NA,42,47
NA,NA,NA,NA,NA,2,NA,NA,NA
NA,NA,0,NA,NA,NA,4,NA,NA
"jjdtc","bepky",NA,5488.13720703125,2352.0107421875,1,NA,57,76
"l4048","rj01x",NA,NA,NA,2,NA,30.5,48
NA,NA,NA,NA,NA,1,NA,NA,NA
"ks0ic","a5bxr",NA,NA,NA,2,NA,74,68
"iom9u","lmwut",NA,NA,NA,2,NA,35,64
"qhhpo","imexw",NA,2594.77978515625,547.559997558594,2,NA,18.3299999237061,24.5200004577637
NA,NA,NA,NA,NA,NA,NA,NA,NA
NA,NA,2979.32397460938,NA,NA,NA,48,NA,NA
NA,"pmeh6",NA,2677.84301757812,NA,1,NA,31.5,NA
"ej4od",NA,NA,NA,NA,1,NA,NA,NA
NA,NA,NA,NA,NA,NA,NA,NA,NA
"oy686","jj2yn",NA,NA,NA,2,NA,19.5,22
NA,NA,NA,NA,NA,1,NA,NA,NA
"xpo51","vvemo",NA,2296.67236328125,31.766918182373,1,NA,54,53
"i0fra","p3mnx",NA,NA,2754.9638671875,1,NA,NA,61
"kz2g3","ye577",NA,NA,NA,1,NA,33,41
NA,NA,NA,NA,NA,NA,NA,NA,NA
"cnrrz","uxice",NA,NA,NA,1,NA,31,24
NA,NA,NA,NA,NA,NA,NA,NA,NA
NA,NA,NA,NA,NA,2,NA,NA,NA
NA,NA,NA,NA,NA,NA,NA,NA,NA
"xbbuu","a4pbf",2971.93969726562,NA,NA,2,20.5,44,51
NA,NA,NA,NA,NA,NA,NA,NA,NA
"l4048","rj01x",NA,NA,NA,2,NA,30.5,48
"r9813","h8wk2",2659.98876953125,NA,NA,1,36.5999984741211,NA,76
"gvoap","gpb11",NA,NA,NA,1,NA,28.5,NA
"nnu2w","jei53",NA,NA,NA,2,NA,NA,22.3500003814697
"r9nni","rvmrf",NA,NA,NA,1,NA,40,NA
"f03xz","ao63o",NA,NA,NA,1,NA,78,88
"q5h43","fo60j",3205.93896484375,NA,NA,2,29.25,59,68
NA,"w2fgm",NA,NA,NA,2,NA,41,NA
"uf2oz","ogvt8",NA,NA,NA,1,NA,71,NA
NA,NA,NA,NA,NA,NA,NA,NA,NA
"torxr","ruike",NA,NA,NA,2,NA,19,23
"arc3c","qmn6a",NA,722.73095703125,4324.80712890625,1,NA,21.5,23.5
NA,NA,NA,NA,NA,NA,NA,NA,NA
"w77sb","shfvq",NA,NA,NA,2,NA,NA,NA
"pz5xe","v1rzm",NA,2434.17529296875,NA,2,NA,47,NA
NA,NA,0,NA,NA,NA,2,NA,NA
"o284l","zm9fd",NA,NA,NA,1,NA,19.1000003814697,41
"b1x4h","pg57e",0,1042.96643066406,121.116668701172,2,2,37,37
NA,NA,NA,NA,NA,1,NA,NA,NA
"dtarc","qvp7r",NA,3079.54956054688,0,2,NA,23,23
"sytcn","j466d",NA,NA,NA,2,NA,52,41
NA,NA,NA,NA,NA,NA,NA,NA,NA
"l4048","rj01x",NA,NA,NA,1,NA,30.5,48
"rbhzm","ej9aw",NA,NA,NA,1,NA,61,66
"c7yda","o58eh",0,NA,3844.80151367188,1,33,68,71
"lu6pe",NA,NA,NA,NA,1,NA,NA,NA
NA,NA,NA,NA,NA,NA,NA,NA,NA
NA,NA,NA,NA,NA,2,NA,NA,NA
"vc7kn","nt1nz",NA,4137.11083984375,NA,1,NA,32,46
"xyf3r","edm41",NA,NA,NA,2,NA,35,36
"jciki","zj5sw",NA,NA,NA,1,NA,56,27.5
NA,"yj31r",NA,NA,NA,2,NA,18,NA
"yelcr","nufgb",NA,NA,NA,1,NA,58,63
NA,NA,NA,NA,NA,1,NA,NA,NA
"tekry","llssn",NA,NA,NA,1,NA,61,68
NA,NA,NA,NA,NA,1,NA,NA,NA
NA,"mlnzn",NA,NA,NA,2,NA,66,NA
NA,"e80bf",NA,NA,NA,1,NA,60,NA
"l8uy0","gy4cz",NA,NA,NA,2,NA,66,NA
NA,NA,NA,NA,NA,2,NA,NA,NA
"c7yda","zziaa",NA,4823.505859375,3844.80151367188,1,NA,52.5,71
"t9fii","y3fem",NA,NA,NA,1,NA,39,NA
NA,NA,NA,NA,NA,NA,NA,NA,NA
"l4048","rj01x",NA,NA,NA,1,NA,30.5,48
"evjer","wcb7x",NA,NA,NA,2,NA,70,NA
"ynuzi","tgbx9",NA,4231.89990234375,409.446563720703,1,NA,28.5599994659424,28.5
"uf2oz","ogvt8",NA,NA,NA,1,NA,71,NA
"qjtri","zacat",NA,NA,NA,2,NA,48,56
NA,NA,NA,NA,NA,1,NA,NA,NA
"un2am","lplfz",NA,2129.28271484375,4408.14501953125,2,NA,24,37
"xbbuu","a4pbf",NA,NA,NA,2,NA,44,51
"ligpw","fqdbd",0,1838.9453125,841.377319335938,1,0,34,37
NA,NA,NA,NA,NA,NA,NA,NA,NA
"jml6w","wxfl3",NA,NA,NA,2,NA,69,59
"d1n7j","gwgea",NA,87.2368392944336,NA,1,NA,17,24
NA,NA,NA,NA,NA,1,NA,NA,NA
"yiurd","bk2ju",NA,NA,NA,1,NA,40,53
NA,"ctnt0",NA,NA,NA,1,NA,22,NA
NA,"kqib1",NA,NA,NA,1,NA,15,NA
"tekry","llssn",NA,NA,NA,2,NA,61,68
NA,NA,NA,NA,NA,NA,NA,NA,NA
NA,"psauo",NA,NA,NA,1,NA,34,NA
NA,NA,NA,NA,NA,2,NA,NA,NA
NA,NA,519.374450683594,NA,NA,NA,7,NA,NA
NA,"b982q",NA,NA,NA,2,NA,NA,NA
NA,NA,NA,NA,NA,1,NA,NA,NA
NA,NA,NA,NA,NA,NA,NA,NA,NA
NA,NA,NA,NA,NA,NA,NA,NA,NA
NA,NA,NA,NA,NA,2,NA,NA,NA
NA,"wofbq",206.040573120117,NA,NA,2,6.5,25,NA
NA,NA,NA,NA,NA,NA,NA,NA,NA
NA,NA,NA,NA,NA,NA,NA,NA,NA
NA,NA,NA,NA,NA,NA,NA,NA,NA
"egrjp","z857z",NA,78.2818145751953,NA,2,NA,50,48.5
"xuwsm","z0fx1",NA,369.50537109375,5289.39501953125,2,NA,21.5,28
"ni94m","mmbnq",NA,NA,NA,1,NA,15,17
NA,"pg2o3",NA,NA,NA,2,NA,46,NA
"kadhe","bsj18",NA,3193.01000976562,NA,1,NA,54,51
NA,NA,NA,NA,NA,NA,NA,NA,NA
"ls30o","vi5b3",NA,NA,2406.7333984375,2,NA,31,38.2000007629395
NA,"gzcpj",NA,NA,NA,2,NA,25,NA
"bxhhq","ip3cb",NA,NA,NA,1,NA,36,40.5
NA,NA,NA,NA,NA,NA,NA,NA,NA
"he4si","z5n4h",NA,NA,NA,2,NA,40,84
NA,"yy205",NA,2971.93969726562,NA,1,NA,20.5,NA
"lu6pe",NA,NA,NA,NA,2,NA,NA,NA
NA,NA,NA,NA,NA,1,NA,NA,NA
NA,NA,NA,NA,NA,1,NA,NA,NA
"vc7kn","nt1nz",NA,4137.11083984375,NA,1,NA,32,46
NA,NA,NA,NA,NA,NA,NA,NA,NA
"ggs0t","s0adq",NA,NA,NA,1,NA,14.5,15
NA,NA,NA,NA,NA,NA,NA,NA,NA
NA,NA,NA,NA,NA,2,NA,NA,NA
"ami7o","ugd0l",NA,NA,NA,2,NA,24,34
NA,NA,5241.42578125,NA,NA,NA,33,NA,NA
"nggt4","k7f1n",NA,NA,8016.15966796875,2,NA,32,39
NA,NA,NA,NA,NA,1,NA,NA,NA
"hsga4","rvmrf",NA,NA,NA,1,NA,40,NA
"pqbdh","nv9zo",NA,NA,NA,1,NA,67,76
NA,"ugjlv",NA,NA,NA,2,NA,22,NA
"or7a2","psauo",NA,NA,NA,2,NA,34,39
"o284l","pzxei",NA,61.3888893127441,NA,2,NA,38,41
NA,NA,NA,NA,NA,2,NA,NA,NA
"wqve6","d5edk",NA,NA,NA,1,NA,NA,57.5
"dvb3a","iax7l",NA,NA,NA,2,NA,47,56
NA,NA,NA,NA,NA,1,NA,NA,NA
NA,NA,4565.9912109375,NA,NA,1,57,NA,NA
"kaiu6","xjlg3",NA,NA,NA,2,NA,21,33
NA,NA,NA,NA,NA,1,NA,NA,NA
NA,NA,NA,NA,NA,1,NA,NA,NA
"exlsl","q04di",NA,NA,NA,2,NA,57,61
NA,"gzcpj",NA,NA,NA,1,NA,25,NA
NA,NA,NA,NA,NA,NA,NA,NA,NA
"ucjcs","p1x4b",NA,NA,4434.90478515625,1,NA,36,36
NA,NA,NA,NA,NA,2,NA,NA,NA
"nzwor","pmvc0",NA,NA,NA,1,NA,66,NA
"fgshf","rq15a",NA,NA,990.088684082031,1,NA,31,32
"sytcn","j466d",NA,NA,NA,1,NA,52,41
NA,NA,NA,NA,NA,NA,NA,NA,NA
"m3kvw","v22jc",1028.19482421875,1344.92224121094,4053.10546875,2,14.5100002288818,44,51.75
NA,NA,NA,NA,NA,1,NA,NA,NA
NA,NA,0,NA,NA,NA,0,NA,NA
NA,NA,NA,NA,NA,NA,NA,NA,NA
"dvb3a","iax7l",NA,NA,NA,2,NA,47,56
"evjer","wcb7x",NA,NA,NA,2,NA,70,NA
"tm63m","xj2wk",1042.96643066406,1611.26574707031,NA,2,37,59,66
NA,NA,NA,NA,NA,1,NA,NA,NA
"bqvop","yjh4b",NA,NA,NA,1,NA,54,61
"qzvl3","oyp2e",22.0227279663086,1524.525390625,105.834754943848,1,4,35,36
NA,"i8dnj",NA,NA,NA,2,NA,32.5,NA
"un2am","lplfz",NA,2129.28271484375,4408.14501953125,2,NA,24,37
NA,"ogc8z",NA,NA,NA,2,NA,57.5,NA
"e1j1e",NA,NA,NA,NA,2,NA,NA,24
NA,"w2fgm",NA,NA,NA,1,NA,41,NA
"qjtri","zacat",NA,NA,NA,2,NA,48,56
NA,NA,NA,NA,NA,NA,NA,NA,NA
"eb6yg","z6nna",NA,NA,NA,1,NA,64,78
"kz2g3","ye577",0,NA,NA,2,0.75,33,41
NA,NA,NA,NA,NA,NA,NA,NA,NA
NA,NA,NA,NA,NA,1,NA,NA,NA
"ynuzi","tgbx9",NA,4231.89990234375,409.446563720703,1,NA,28.5599994659424,28.5
NA,"bjw1i",NA,NA,NA,2,NA,23,NA
NA,NA,NA,NA,NA,2,NA,NA,NA
NA,NA,NA,NA,NA,NA,NA,NA,NA
NA,NA,NA,NA,NA,NA,NA,NA,NA
"r9nni","rvmrf",NA,NA,NA,1,NA,40,NA
"sytcn","ewoy2",NA,NA,NA,2,NA,NA,41
"l4048","rj01x",NA,NA,NA,2,NA,30.5,48
NA,NA,NA,NA,NA,NA,NA,NA,NA
"rc10x","a4x4v",2352.0107421875,NA,NA,1,75,NA,NA
"nnfo6","gosdf",NA,4135.33447265625,NA,2,NA,64,45
NA,NA,NA,NA,NA,NA,NA,NA,NA
NA,NA,NA,NA,NA,NA,NA,NA,NA
NA,NA,NA,NA,NA,NA,NA,NA,NA
NA,NA,NA,NA,NA,1,NA,NA,NA
NA,NA,NA,NA,NA,NA,NA,NA,NA
"bm6wq","vvemo",NA,2296.67236328125,1470.46484375,2,NA,54,66
"m8tph","bk2ju",NA,NA,NA,2,NA,40,68
NA,"zziaa",NA,4823.505859375,NA,1,NA,52.5,NA
"nnu2w","x86yw",NA,3493.11254882812,NA,2,NA,14.5,22.3500003814697
NA,NA,NA,NA,NA,2,NA,NA,NA
"mop1n","h5vfr",NA,NA,NA,2,NA,21,34
NA,NA,NA,NA,NA,1,NA,NA,NA
"ami7o","ugd0l",NA,NA,NA,2,NA,24,34
"nnu2w","x86yw",NA,3493.11254882812,NA,1,NA,14.5,22.3500003814697
NA,NA,NA,NA,NA,2,NA,NA,NA
"odemz","y8cgb",NA,NA,NA,1,NA,37,66
"ia2tb","xjlg3",NA,NA,NA,2,NA,21,31
"yiurd","bk2ju",NA,NA,NA,2,NA,40,53
"wkqnr","nurj7",2594.77978515625,NA,1430.69799804688,2,18.3299999237061,41,33
"ls30o","vi5b3",NA,NA,2406.7333984375,2,NA,31,38.2000007629395
"v73iy","nonnr",NA,3656.29858398438,NA,2,NA,62,NA
"xuwsm","z0fx1",NA,369.50537109375,5289.39501953125,2,NA,21.5,28
"btcas","gy4cz",NA,NA,NA,1,NA,66,80
"uf2oz","ogvt8",NA,NA,NA,1,NA,71,NA
NA,"mlnzn",NA,NA,NA,2,NA,66,NA
"fquo7",NA,NA,NA,NA,1,NA,NA,51
NA,NA,NA,NA,NA,NA,NA,NA,NA
"kadhe","bsj18",NA,3193.01000976562,NA,1,NA,54,51
NA,NA,NA,NA,NA,NA,NA,NA,NA
"wiwje","vhe99",NA,833.278686523438,NA,2,NA,66,71
"yld2j","jxsdf",8196.6015625,NA,NA,2,46,NA,NA
NA,NA,1217.74340820312,NA,NA,NA,61,NA,NA
"w29y8","d1hcd",NA,NA,NA,1,NA,60,51
NA,NA,NA,NA,NA,NA,NA,NA,NA
"p3f2z","uy9pq",NA,1459.77783203125,1113.31994628906,2,NA,26,28
NA,NA,NA,NA,NA,NA,NA,NA,NA
"opfb9","h8u1g",5488.13720703125,0,NA,2,56,76,NA
"arc3c","qmn6a",NA,722.73095703125,4324.80712890625,1,NA,21.5,23.5
NA,NA,NA,NA,NA,NA,NA,NA,NA
"egrjp","z857z",NA,78.2818145751953,NA,2,NA,50,48.5
NA,"gosdf",NA,4135.33447265625,NA,1,NA,64,NA
"ykdb5","ebdon",NA,NA,NA,1,NA,59,NA
"bhciu","sdj7f",NA,NA,NA,1,NA,42.5,NA
NA,"oyc9i",NA,NA,NA,1,NA,NA,NA
NA,NA,2825.12475585938,NA,NA,NA,31,NA,NA
NA,NA,NA,NA,NA,NA,NA,NA,NA
"xpo51","rsnfu",NA,8196.6015625,31.766918182373,1,NA,46,53
NA,NA,NA,NA,NA,NA,NA,NA,NA
NA,"ri410",NA,NA,NA,1,NA,NA,NA
"bm6wq","vvemo",4141.2333984375,2296.67236328125,1470.46484375,1,22,54,66
"torxr","ruike",NA,NA,NA,2,NA,19,23
"yfk7y","p30ez",NA,NA,NA,2,NA,61,NA
"bus6f","a0kwx",NA,NA,NA,2,NA,12,22
"egrjp","z857z",NA,78.2818145751953,NA,2,NA,50,48.5
"n7uqz","pg57e",NA,1042.96643066406,NA,1,NA,37,45
"wcfgk","pq8nf",NA,4394.52685546875,4127.46533203125,2,NA,26,49
NA,NA,NA,NA,NA,1,NA,NA,NA
"wcfgk","cz010",NA,2808.53588867188,4127.46533203125,1,NA,46,49
"bhciu","sdj7f",NA,NA,NA,2,NA,42.5,NA
NA,"wnmgs",NA,NA,NA,1,NA,31,NA
NA,NA,NA,NA,NA,NA,NA,NA,NA
"v73iy","nonnr",NA,3656.29858398438,NA,2,NA,62,NA
NA,NA,NA,NA,NA,2,NA,NA,NA
NA,NA,395.287841796875,NA,NA,NA,8,NA,NA
"xbbuu","a4pbf",NA,NA,NA,1,NA,44,51
NA,NA,NA,NA,NA,NA,NA,NA,NA
NA,NA,1052.31384277344,NA,NA,NA,31,NA,NA
"jznfw","ldkvs",NA,NA,NA,1,NA,35,41
NA,NA,NA,NA,NA,1,NA,NA,NA
NA,NA,NA,NA,NA,NA,NA,NA,NA
NA,NA,NA,NA,NA,1,NA,NA,NA
NA,NA,NA,NA,NA,1,NA,NA,NA
"csxsp","p9d69",NA,NA,NA,1,NA,25,33
NA,"mri2v",NA,NA,NA,1,NA,14,NA
"bxt3q","k9t8q",NA,4199.25732421875,NA,2,NA,31,36
"ks0ic","a5bxr",NA,NA,NA,2,NA,74,68
"s41gq","v67ej",NA,NA,NA,2,NA,34,49
NA,"dlcpj",NA,NA,NA,2,NA,35,NA
"arc3c","qmn6a",NA,722.73095703125,4324.80712890625,2,NA,21.5,23.5
"ami7o","ugd0l",NA,NA,NA,2,NA,24,34
NA,NA,NA,NA,NA,NA,NA,NA,NA
"ks0ic",NA,NA,NA,NA,2,NA,NA,68
NA,NA,NA,NA,NA,2,NA,NA,NA
NA,"cczjo",NA,NA,NA,2,NA,NA,NA
"qzvl3","oyp2e",NA,1524.525390625,105.834754943848,2,NA,35,36
"y7018","pg57e",705.355407714844,1042.96643066406,NA,1,8,37,49
"v84tz","ak0mn",NA,NA,NA,2,NA,42,47
"bxt3q","jc18u",NA,NA,NA,2,NA,19,36
NA,NA,NA,NA,NA,1,NA,NA,NA
NA,"d5edk",NA,NA,NA,2,NA,NA,NA
"ubwjx",NA,NA,NA,NA,1,NA,NA,86
"ixnih","z857z",1113.31994628906,78.2818145751953,0,1,28,50,56
"q5h43","tnh9r",NA,NA,NA,1,NA,64,68
NA,NA,0,NA,NA,NA,1,NA,NA
NA,"pg2o3",NA,NA,NA,2,NA,46,NA
NA,NA,NA,NA,NA,NA,NA,NA,NA
NA,NA,NA,NA,NA,NA,NA,NA,NA
"e19do","izb7u",4324.80712890625,NA,NA,1,23.5,41,45
"tm63m","xj2wk",2406.7333984375,1611.26574707031,NA,1,38.2000007629395,59,66
"hzpkn","pmeh6",NA,2677.84301757812,NA,2,NA,31.5,37
"wlec5","fqdbd",NA,1838.9453125,NA,2,NA,34,42
NA,"ogc8z",NA,NA,NA,2,NA,57.5,NA
"p0cma","f3rxk",NA,NA,NA,1,NA,60,65
"rc10x","a4x4v",NA,NA,NA,2,NA,NA,NA
"nnu2w","x86yw",NA,3493.11254882812,NA,1,NA,14.5,22.3500003814697
NA,NA,NA,NA,NA,1,NA,NA,NA
"t4dt6",NA,NA,NA,1614.49462890625,1,NA,NA,42
"s41gq","v67ej",NA,NA,NA,2,NA,34,49
NA,NA,NA,NA,NA,2,NA,NA,NA
NA,"j8ef3",NA,NA,NA,1,NA,17,NA
"buvob","h31ly",NA,NA,NA,2,NA,67,80
NA,NA,NA,NA,NA,1,NA,NA,NA
"tekry","llssn",NA,NA,NA,2,NA,61,68
NA,NA,NA,NA,NA,NA,NA,NA,NA
"kaiu6","xjlg3",NA,NA,NA,2,NA,21,33
NA,NA,31.766918182373,NA,NA,NA,53,NA,NA
"btcas",NA,NA,NA,NA,1,NA,NA,80
NA,NA,NA,NA,NA,NA,NA,NA,NA
NA,"zialj",NA,1028.19482421875,NA,2,NA,15.5100002288818,NA
"em53b",NA,NA,NA,NA,1,NA,NA,NA
NA,NA,NA,NA,NA,NA,NA,NA,NA
"o9oo5","m3x5b",NA,NA,NA,1,NA,22,29
NA,NA,NA,NA,NA,NA,NA,NA,NA
NA,NA,NA,NA,NA,2,NA,NA,NA
NA,NA,NA,NA,NA,NA,NA,NA,NA
"p3n74","b9vxh",21.8799991607666,2233.65405273438,0,2,6,44.3300018310547,34
NA,NA,NA,NA,NA,NA,NA,NA,NA
"iaf0x","zzetw",NA,3161.51879882812,2981.56762695312,2,NA,44,48
"un2am","lplfz",NA,2129.28271484375,4408.14501953125,2,NA,24,37
"bqvop","cczjo",NA,NA,NA,1,NA,NA,61
NA,"lp42b",NA,NA,NA,2,NA,25,NA
"xbbuu","a4pbf",NA,NA,NA,2,NA,44,51
NA,"yj31r",NA,NA,NA,2,NA,18,NA
"ced8n",NA,NA,NA,NA,1,NA,NA,NA
"otnre","cz010",NA,2808.53588867188,NA,1,NA,46,42
NA,"bpgl7",NA,NA,NA,2,NA,56,NA
"n7uqz","otats",NA,NA,NA,1,NA,33.5,45
"xpo51","oenx4",1754.14147949219,3964.9541015625,31.766918182373,2,18.5,38,53
"iaf0x","oenx4",0,3964.9541015625,2981.56762695312,1,2.5,38,48
"jrhau","ioj6w",NA,NA,NA,1,NA,87,NA
NA,"rg01e",NA,NA,NA,2,NA,NA,NA
"i5ae4","erjmn",NA,NA,NA,1,NA,34,NA
"nnfo6","m5wk4",NA,NA,NA,1,NA,46,45
NA,"mlnzn",NA,NA,NA,2,NA,66,NA
NA,NA,NA,NA,NA,1,NA,NA,NA
"idzrg","oyc9i",NA,NA,NA,1,NA,NA,NA
NA,"gn91f",NA,NA,NA,2,NA,63,NA
"o5dw9","lor44",NA,NA,NA,2,NA,42,42
"p3n74","fqot8",NA,1834.91943359375,0,2,NA,31.5,34
"idzrg","oyc9i",NA,NA,NA,2,NA,NA,NA
"asn4w","tv4ae",NA,NA,NA,2,NA,NA,NA
"yfk7y","p30ez",NA,NA,NA,2,NA,61,NA
"otnre","cz010",NA,2808.53588867188,NA,1,NA,46,42
"mmlbr","fd5pb",1050.15539550781,1807.73425292969,NA,2,20,58,68
NA,NA,NA,NA,NA,2,NA,NA,NA
"r9813","h8wk2",NA,NA,NA,1,NA,NA,76
NA,"krz6v",NA,NA,NA,1,NA,75,NA
NA,NA,NA,NA,NA,NA,NA,NA,NA
NA,NA,NA,NA,NA,NA,NA,NA,NA
"kadhe","bsj18",5370.96826171875,3193.01000976562,NA,2,21.7999992370605,54,51
"ks0ic","a5bxr",NA,NA,NA,2,NA,74,68
"m95ta","n6gsz",NA,NA,NA,2,NA,59,66
NA,"gzcpj",NA,NA,NA,2,NA,25,NA
NA,NA,NA,NA,NA,1,NA,NA,NA
"evjer","wcb7x",NA,NA,NA,2,NA,70,NA
NA,NA,0,NA,NA,NA,2.5,NA,NA
"o88r4","itfqa",NA,NA,NA,2,NA,63,56
"egrjp","z857z",NA,78.2818145751953,NA,1,NA,50,48.5
NA,"ytm98",NA,NA,NA,1,NA,36,NA
"ykdb5","ebdon",NA,NA,NA,2,NA,59,NA
"y0jlb","ak0mn",NA,NA,NA,1,NA,42,NA
NA,"hfelb",NA,108.502014160156,NA,2,NA,10,NA
NA,NA,NA,NA,NA,NA,NA,NA,NA
NA,"ujc9d",NA,NA,NA,1,NA,21,NA
NA,NA,NA,NA,NA,2,NA,NA,NA
"un2am","lplfz",NA,2129.28271484375,4408.14501953125,1,NA,24,37
"fgshf","rq15a",NA,NA,990.088684082031,2,NA,31,32
"xpo51","vvemo",NA,2296.67236328125,31.766918182373,1,NA,54,53
"nc3w9","pkuih",NA,NA,NA,1,NA,34,4
NA,NA,NA,NA,NA,2,NA,NA,NA
NA,NA,NA,NA,NA,NA,NA,NA,NA
"eczym","b3iw8",NA,NA,NA,2,NA,20,25
"w77sb","shfvq",NA,NA,NA,2,NA,NA,NA
"v84tz","ak0mn",NA,NA,NA,2,NA,42,47
"bus6f","a0kwx",NA,NA,NA,2,NA,12,22
NA,NA,NA,NA,NA,1,NA,NA,NA
"s41gq","v67ej",NA,NA,NA,2,NA,34,49
"torxr","ruike",NA,NA,NA,1,NA,19,23
NA,NA,NA,NA,NA,1,NA,NA,NA
"ks0ic","a5bxr",NA,NA,NA,2,NA,74,68
"nc3w9","pkuih",NA,NA,NA,1,NA,34,4
"i0fra","p3mnx",NA,NA,2754.9638671875,2,NA,NA,61
NA,"dlcpj",NA,NA,NA,1,NA,35,NA
"o284l","pzxei",NA,61.3888893127441,NA,1,NA,38,41
"l17fb","ak0mn",NA,NA,NA,1,NA,42,60
"s41gq","otats",NA,NA,NA,2,NA,33.5,49
NA,NA,NA,NA,NA,NA,NA,NA,NA
NA,NA,NA,NA,NA,NA,NA,NA,NA
"na3u7","sdj7f",NA,NA,NA,2,NA,42.5,50
NA,"ugjlv",NA,NA,NA,2,NA,22,NA
"lrbii","tpc3y",NA,NA,NA,1,NA,57,58
NA,NA,NA,NA,NA,1,NA,NA,NA
NA,"bn7w0",NA,NA,NA,2,NA,47,NA
NA,"uwjqq",NA,NA,NA,2,NA,83,NA
"asn4w","tv4ae",NA,NA,NA,2,NA,NA,NA
"fc5bg","lfevr",NA,NA,NA,1,NA,NA,NA
NA,NA,1560,NA,NA,NA,36,NA,NA
"ucjcs","p1x4b",NA,NA,4434.90478515625,2,NA,36,36
"nnu2w","jei53",NA,NA,NA,2,NA,NA,22.3500003814697
"uf2oz","ogvt8",NA,NA,NA,1,NA,71,NA
"l4048","rj01x",NA,NA,NA,1,NA,30.5,48
NA,NA,NA,NA,NA,NA,NA,NA,NA
"dc668","ifxbn",NA,NA,NA,1,NA,37.5,32
"o9oo5","tgbx9",881.54443359375,4231.89990234375,NA,1,9,28.5599994659424,29
NA,NA,NA,NA,NA,NA,NA,NA,NA
"j9n1j","vb7yq",NA,NA,4565.9912109375,2,NA,41,57
"jrhau","ioj6w",NA,NA,NA,1,NA,87,NA
"s41gq","v67ej",NA,NA,NA,1,NA,34,49
"j01g0","vdy56",997.524475097656,3242.33276367188,NA,2,13.3000001907349,42,50
"yiurd","bk2ju",NA,NA,NA,1,NA,40,53
"ubzm9","fmlt8",NA,NA,NA,2,NA,NA,NA
NA,NA,NA,NA,NA,2,NA,NA,NA
"m1hr1","b9vxh",3079.54956054688,2233.65405273438,NA,2,23,44.3300018310547,46
NA,NA,NA,NA,NA,1,NA,NA,NA
NA,NA,NA,NA,NA,NA,NA,NA,NA
"bhciu",NA,NA,NA,NA,2,NA,NA,NA
"v73iy","nonnr",NA,3656.29858398438,NA,1,NA,62,NA
"btcas",NA,NA,NA,NA,1,NA,NA,80
"kz2g3","ye577",NA,NA,NA,1,NA,33,41
"wcfgk","cz010",547.559997558594,2808.53588867188,4127.46533203125,1,24.5200004577637,46,49
"ynuzi","tgbx9",0,4231.89990234375,409.446563720703,1,0.349999994039536,28.5599994659424,28.5
NA,NA,NA,NA,NA,NA,NA,NA,NA
"b6qtj","vhe99",2498.09619140625,833.278686523438,NA,2,19.3299999237061,66,68
"ligpw","fqdbd",0,1838.9453125,841.377319335938,2,3.82999992370605,34,37
"bm6wq","vvemo",NA,2296.67236328125,1470.46484375,2,NA,54,66
"c7yda","zziaa",1430.69799804688,4823.505859375,3844.80151367188,1,32,52.5,71
"kadhe","bsj18",NA,3193.01000976562,NA,2,NA,54,51
"wm4e3","qiwlw",1838.9453125,2068.77661132812,742.187316894531,2,34,54,63
NA,NA,NA,NA,NA,NA,NA,NA,NA
NA,NA,NA,NA,NA,1,NA,NA,NA
"yiurd","bk2ju",NA,NA,NA,2,NA,40,53
NA,NA,NA,NA,NA,2,NA,NA,NA
"xpo51","rsnfu",91.8478240966797,8196.6015625,31.766918182373,1,16.3899993896484,46,53
"cz42b","pqerq",NA,4949.20556640625,2606.29223632812,2,NA,25,25
"cnrrz","uxice",NA,NA,NA,2,NA,31,24
NA,NA,NA,NA,NA,1,NA,NA,NA
"ks0ic","hetk3",NA,NA,NA,2,NA,NA,68
NA,NA,NA,NA,NA,2,NA,NA,NA
NA,NA,NA,NA,NA,2,NA,NA,NA
"otnre","iecn7",0,NA,NA,1,23,NA,42
"nvgt8","ry7vc",NA,NA,NA,2,NA,78,86
NA,NA,NA,NA,NA,NA,NA,NA,NA
"eb6yg","ind65",NA,NA,NA,2,NA,NA,78
"nnu2w","jei53",NA,NA,NA,2,NA,NA,22.3500003814697
NA,"tpc3y",3610.02270507812,NA,NA,1,20,57,NA
NA,"otats",NA,NA,NA,1,NA,33.5,NA
"g62pf","pbe5y",NA,NA,NA,1,NA,34,41
NA,NA,NA,NA,NA,1,NA,NA,NA
"uts70","ddwoq",121.116668701172,2706.81665039062,NA,1,37,66,66
"y0jlb","ak0mn",NA,NA,NA,1,NA,42,NA
NA,NA,NA,NA,NA,1,NA,NA,NA
"xbbuu","a4pbf",NA,NA,NA,1,NA,44,51
"vc7kn","nt1nz",NA,4137.11083984375,NA,1,NA,32,46
NA,NA,NA,NA,NA,NA,NA,NA,NA
"h05sr","mge1d",NA,NA,NA,2,NA,17,21.5
"jjdtc","bepky",NA,5488.13720703125,2352.0107421875,1,NA,57,76
"jml6w","wxfl3",NA,NA,NA,2,NA,69,59
NA,NA,NA,NA,NA,1,NA,NA,NA
"tekry","llssn",NA,NA,NA,1,NA,61,68
"c7uxh","lahp7",NA,NA,NA,1,NA,11,15
"ami7o","ugd0l",NA,NA,NA,2,NA,24,34
NA,NA,NA,NA,NA,1,NA,NA,NA
NA,NA,NA,NA,NA,NA,NA,NA,NA
NA,NA,NA,NA,NA,NA,NA,NA,NA
"zzvz0","gpb11",NA,NA,NA,2,NA,28.5,NA
NA,NA,NA,NA,NA,1,NA,NA,NA
"jjdtc","bepky",NA,5488.13720703125,2352.0107421875,1,NA,57,76
NA,"pv3uc",NA,NA,NA,1,NA,21,NA
"f03xz","ao63o",NA,NA,NA,2,NA,78,88
"aewuf","gx46k",NA,NA,91.8478240966797,1,NA,16,16.3899993896484
"ami7o","ugd0l",NA,NA,NA,1,NA,24,34
NA,NA,NA,NA,NA,2,NA,NA,NA
"y7018","pg57e",478.279083251953,1042.96643066406,NA,2,14.5,37,49
"wiwje","vhe99",NA,833.278686523438,NA,2,NA,66,71
NA,"wf3wl",NA,NA,NA,2,NA,87,NA
"arc3c","qmn6a",NA,722.73095703125,4324.80712890625,1,NA,21.5,23.5
"ami7o","ugd0l",NA,NA,NA,2,NA,24,34
"bm6wq","vvemo",2451.8173828125,2296.67236328125,1470.46484375,2,25,54,66
"ej4od",NA,NA,NA,NA,1,NA,NA,NA
"exlsl","q04di",NA,NA,NA,2,NA,57,61
"eb6yg",NA,NA,NA,NA,2,NA,NA,78
NA,NA,NA,NA,NA,1,NA,NA,NA
NA,"d8g69",NA,NA,NA,2,NA,22,NA
NA,NA,0,NA,NA,NA,56,NA,NA
"o88r4","itfqa",NA,NA,NA,2,NA,63,56
"ubzm9","fmlt8",NA,NA,NA,2,NA,NA,NA
"jjdtc","bepky",NA,5488.13720703125,2352.0107421875,2,NA,57,76
"s41gq","v67ej",NA,NA,NA,2,NA,34,49
NA,"rq8ks",NA,NA,NA,2,NA,17,NA
"egrjp","z857z",NA,78.2818145751953,NA,1,NA,50,48.5
"oy686","drjn8",NA,4920.8076171875,NA,1,NA,22.25,22
NA,NA,NA,NA,NA,NA,NA,NA,NA
"opfb9","h8u1g",NA,0,NA,2,NA,76,NA
"un2am","lplfz",NA,2129.28271484375,4408.14501953125,1,NA,24,37
NA,"v2ds2",65.773811340332,NA,NA,2,7,25,NA
NA,NA,0,NA,NA,NA,4,NA,NA
NA,NA,NA,NA,NA,1,NA,NA,NA
"rc10x","a4x4v",NA,NA,NA,2,NA,NA,NA
"gg2jx","oh3sx",NA,NA,NA,1,NA,NA,NA
"rjqc1","xj2wk",NA,1611.26574707031,2261.6064453125,1,NA,59,56
NA,NA,NA,NA,NA,NA,NA,NA,NA
NA,NA,NA,NA,NA,NA,NA,NA,NA
"or7a2","psauo",NA,NA,NA,2,NA,34,39
NA,NA,NA,NA,NA,NA,NA,NA,NA
NA,NA,NA,NA,NA,NA,NA,NA,NA
"jznfw","ldkvs",NA,NA,NA,2,NA,35,41
NA,NA,NA,NA,NA,2,NA,NA,NA
"exlsl","q04di",NA,NA,NA,2,NA,57,61
"j01g0","vdy56",NA,3242.33276367188,NA,2,NA,42,50
"arc3c","qmn6a",NA,722.73095703125,4324.80712890625,1,NA,21.5,23.5
"kadhe","bsj18",NA,3193.01000976562,NA,1,NA,54,51
NA,NA,NA,NA,NA,NA,NA,NA,NA
NA,NA,NA,NA,NA,NA,NA,NA,NA
NA,NA,NA,NA,NA,2,NA,NA,NA
"pqbdh","nv9zo",NA,NA,NA,1,NA,67,76
"r9813","h8wk2",NA,NA,NA,1,NA,NA,76
"hibtb","o58eh",2981.56762695312,NA,NA,1,48,68,NA
"opfb9","h8u1g",2296.67236328125,0,NA,2,53,76,NA
"dvb3a","v22jc",NA,1344.92224121094,NA,1,NA,44,56
"pj9um","heo69",NA,NA,NA,2,NA,51,NA
NA,NA,NA,NA,NA,2,NA,NA,NA
NA,NA,NA,NA,NA,NA,NA,NA,NA
"kx4f4","mh29l",NA,4378.634765625,NA,2,NA,65,72
"ku5yo","hrd79",NA,NA,NA,2,NA,30,46
"dvb3a","iax7l",NA,NA,NA,2,NA,47,56
"ni94m","mmbnq",NA,NA,NA,2,NA,15,17
"iaf0x","zzetw",NA,3161.51879882812,2981.56762695312,2,NA,44,48
NA,NA,NA,NA,NA,NA,NA,NA,NA
"tn8hw","cij44",NA,NA,NA,1,NA,34,32.5
"aenht","zhzqy",3624.6181640625,2481.63989257812,7886.14990234375,1,23.5,49,56
"r3bet","k9t8q",NA,4199.25732421875,NA,2,NA,31,34
NA,NA,NA,NA,NA,NA,NA,NA,NA
"gd7r8","pamtn",NA,NA,NA,2,NA,21,25
NA,NA,NA,NA,NA,2,NA,NA,NA
"yiurd","bk2ju",NA,NA,NA,1,NA,40,53
"c9183","hjim8",NA,NA,NA,2,NA,18,38
NA,"k7f1n",NA,NA,NA,2,NA,32,NA
"vc7kn","nt1nz",NA,4137.11083984375,NA,2,NA,32,46
"g9zkx","gs7nz",NA,NA,NA,1,NA,26,19.3500003814697
"xbbuu","a4pbf",NA,NA,NA,1,NA,44,51
NA,NA,NA,NA,NA,1,NA,NA,NA
"m1hr1","b9vxh",NA,2233.65405273438,NA,1,NA,44.3300018310547,46
NA,"khho2",NA,NA,NA,1,NA,33,NA
"ami7o","ugd0l",NA,NA,NA,2,NA,24,34
"ia2tb","xjlg3",NA,NA,NA,2,NA,21,31
"jml6w","b1aai",NA,NA,NA,1,NA,NA,59
"vc7kn","nt1nz",NA,4137.11083984375,NA,1,NA,32,46
"arc3c","qmn6a",NA,722.73095703125,4324.80712890625,1,NA,21.5,23.5
"ggs0t","s0adq",NA,NA,NA,2,NA,14.5,15
"p3f2z","uy9pq",NA,1459.77783203125,1113.31994628906,1,NA,26,28
"asn4w","tv4ae",NA,NA,NA,1,NA,NA,NA
"wpl3e","th4de",NA,NA,NA,2,NA,42,NA
"ynuzi","tgbx9",NA,4231.89990234375,409.446563720703,1,NA,28.5599994659424,28.5
NA,NA,NA,NA,NA,NA,NA,NA,NA
NA,NA,NA,NA,NA,NA,NA,NA,NA
NA,NA,NA,NA,NA,1,NA,NA,NA
NA,NA,NA,NA,NA,NA,NA,NA,NA
"ubwjx",NA,NA,NA,NA,2,NA,NA,86
"p3n74","fqot8",NA,1834.91943359375,0,2,NA,31.5,34
NA,"bpgl7",NA,NA,NA,1,NA,56,NA
"r9813","h8wk2",NA,NA,NA,1,NA,NA,76
"uf2oz","z6nna",NA,NA,NA,2,NA,64,NA
"ykdb5","ebdon",1325.94177246094,NA,NA,1,14,59,NA
"yn61w","gn91f",NA,NA,NA,2,NA,63,62
"uts70","ddwoq",NA,2706.81665039062,NA,2,NA,66,66
NA,NA,NA,NA,NA,2,NA,NA,NA
"m1hr1","b9vxh",NA,2233.65405273438,NA,1,NA,44.3300018310547,46
NA,NA,294.608093261719,NA,NA,NA,7,NA,NA
NA,NA,NA,NA,NA,NA,NA,NA,NA
NA,NA,4434.90478515625,NA,NA,NA,36,NA,NA
"ia2tb","xjlg3",NA,NA,NA,2,NA,21,31
"o284l","pzxei",NA,61.3888893127441,NA,2,NA,38,41
"jznfw","ldkvs",NA,NA,NA,1,NA,35,41
"xbbuu","a4pbf",NA,NA,NA,1,NA,44,51
NA,"lpoog",NA,NA,NA,1,NA,NA,NA
NA,NA,NA,NA,NA,NA,NA,NA,NA
NA,"b3iw8",NA,NA,NA,1,NA,20,NA
NA,"i8dnj",NA,NA,NA,2,NA,32.5,NA
NA,NA,NA,NA,NA,NA,NA,NA,NA
"tekry","llssn",NA,NA,NA,1,NA,61,68
NA,NA,NA,NA,NA,1,NA,NA,NA
"l4048","rj01x",NA,NA,NA,2,NA,30.5,48
NA,NA,NA,NA,NA,NA,NA,NA,NA
NA,NA,NA,NA,NA,NA,NA,NA,NA
NA,NA,NA,NA,NA,NA,NA,NA,NA
NA,"khho2",NA,NA,NA,2,NA,33,NA
NA,NA,NA,NA,NA,1,NA,NA,NA
"f03xz","kdf26",NA,NA,NA,1,NA,NA,88
"yiurd","bk2ju",NA,NA,NA,1,NA,40,53
NA,NA,466.239593505859,NA,NA,NA,14,NA,NA
NA,"gwgmc",NA,NA,NA,1,NA,18,NA
NA,"zj5sw",5350.5556640625,NA,NA,1,32,56,NA
"fgshf","q1dtv",0,474.976654052734,990.088684082031,1,0,17.0300006866455,32
"plopm","yz0dy",NA,697.843933105469,NA,1,NA,57,NA
NA,"gzcpj",NA,NA,NA,2,NA,25,NA
NA,NA,NA,NA,NA,NA,NA,NA,NA
NA,"gwgmc",NA,NA,NA,2,NA,18,NA
"ykdb5","ebdon",NA,NA,NA,1,NA,59,NA
"yfk7y","p30ez",NA,NA,NA,2,NA,61,NA
"o9oo5","tgbx9",NA,4231.89990234375,NA,1,NA,28.5599994659424,29
NA,NA,NA,NA,NA,NA,NA,NA,NA
NA,NA,NA,NA,NA,NA,NA,NA,NA
"ykdb5","ebdon",NA,NA,NA,1,NA,59,NA
NA,NA,NA,NA,NA,NA,NA,NA,NA
"btcas","gy4cz",NA,NA,NA,1,NA,66,80
"e19do","izb7u",NA,NA,NA,1,NA,41,45
"vc7kn","nt1nz",NA,4137.11083984375,NA,2,NA,32,46
NA,NA,NA,NA,NA,NA,NA,NA,NA
"j01g0","lsv5z",87.0129699707031,NA,NA,1,22.5,NA,50
NA,NA,NA,NA,NA,NA,NA,NA,NA
NA,NA,1533.88696289062,NA,NA,NA,20,NA,NA
NA,NA,NA,NA,NA,1,NA,NA,NA
NA,NA,NA,NA,NA,NA,NA,NA,NA
NA,"j91uj",NA,NA,NA,1,NA,NA,NA
NA,"d8g69",NA,NA,NA,2,NA,22,NA
"l4048","rj01x",NA,NA,NA,1,NA,30.5,48
NA,NA,NA,NA,NA,NA,NA,NA,NA
"ynuzi","tgbx9",NA,4231.89990234375,409.446563720703,1,NA,28.5599994659424,28.5
"idzrg","e0pgq",NA,NA,NA,NA,NA,62,NA
"o88r4","llkxf",NA,NA,NA,1,NA,71,56
NA,NA,NA,NA,NA,NA,NA,NA,NA
"z1sl6","bxyv1",NA,2699.24951171875,6457.23974609375,2,NA,19,27
NA,NA,NA,NA,NA,NA,NA,NA,NA
"ks0ic","hetk3",NA,NA,NA,2,NA,NA,68
"nnu2w","jei53",NA,NA,NA,2,NA,NA,22.3500003814697
NA,NA,NA,NA,NA,1,NA,NA,NA
"j9n1j",NA,NA,NA,4565.9912109375,1,NA,NA,57
NA,NA,2700.48120117188,NA,NA,NA,26,NA,NA
NA,NA,NA,NA,NA,1,NA,NA,NA
"pz5xe","v1rzm",87.2368392944336,2434.17529296875,NA,2,16,47,NA
NA,NA,NA,NA,NA,1,NA,NA,NA
"sjn7t","ltvlp",NA,NA,NA,1,NA,NA,NA
"dvb3a","iax7l",NA,NA,NA,2,NA,47,56
"d1n7j","gwgea",NA,87.2368392944336,NA,1,NA,17,24
"vc7kn","nt1nz",NA,4137.11083984375,NA,1,NA,32,46
NA,"mlnzn",NA,NA,NA,2,NA,66,NA
NA,NA,NA,NA,NA,NA,NA,NA,NA
"z7vdx","lvhzm",NA,NA,NA,1,NA,NA,NA
"xuwsm","z0fx1",NA,369.50537109375,5289.39501953125,2,NA,21.5,28
NA,NA,NA,NA,NA,NA,NA,NA,NA
"l4048","y3fem",NA,NA,NA,1,NA,39,48
"l4048","rj01x",NA,NA,NA,1,NA,30.5,48
NA,NA,NA,NA,NA,1,NA,NA,NA
NA,"gwgmc",NA,NA,NA,1,NA,18,NA
"pqbdh","nv9zo",4127.46533203125,NA,NA,1,49,67,76
NA,"a5cna",NA,NA,NA,1,NA,NA,NA
"i5ae4","ukb39",NA,NA,NA,2,NA,26,NA
NA,NA,NA,NA,NA,2,NA,NA,NA
"qzvl3","oyp2e",0,1524.525390625,105.834754943848,2,0.5,35,36
"oknn7","k9t8q",NA,4199.25732421875,3571.26733398438,1,NA,31,36
NA,NA,NA,NA,NA,NA,NA,NA,NA
NA,"gosdf",NA,4135.33447265625,NA,2,NA,64,NA
"tekry","us5tu",NA,NA,NA,1,NA,NA,68
NA,NA,NA,NA,NA,1,NA,NA,NA
"h05sr","mge1d",NA,NA,NA,2,NA,17,21.5
"tm63m","xj2wk",NA,1611.26574707031,NA,1,NA,59,66
"l4048","rj01x",NA,NA,NA,1,NA,30.5,48
"ykdb5","ebdon",NA,NA,NA,1,NA,59,NA
"un2am","lplfz",NA,2129.28271484375,4408.14501953125,1,NA,24,37
NA,NA,0,NA,NA,NA,1,NA,NA
"lme5a",NA,NA,NA,NA,2,NA,NA,NA
NA,NA,4053.25048828125,NA,NA,NA,56,NA,NA
"q6ali","ujwp5",NA,478.279083251953,NA,2,NA,14.5,11.6800003051758
"l4048","rj01x",NA,NA,NA,1,NA,30.5,48
NA,"tbin6",NA,NA,NA,2,NA,24,NA
NA,"fd5pb",NA,1807.73425292969,NA,1,NA,58,NA
NA,NA,NA,NA,NA,NA,NA,NA,NA
NA,NA,NA,NA,NA,NA,NA,NA,NA
NA,NA,NA,NA,NA,2,NA,NA,NA
"eb6yg","ind65",NA,NA,NA,2,NA,NA,78
NA,NA,NA,NA,NA,NA,NA,NA,NA
NA,NA,NA,NA,NA,NA,NA,NA,NA
"j9n1j",NA,NA,NA,4565.9912109375,1,NA,NA,57
NA,"cu3zf",NA,NA,NA,1,NA,78,NA
"un2am","lplfz",NA,2129.28271484375,4408.14501953125,2,NA,24,37
"jznfw","ldkvs",NA,NA,NA,1,NA,35,41
NA,NA,NA,NA,NA,2,NA,NA,NA
"jt8pn","pdm6o",NA,NA,NA,2,NA,51,NA
"yelcr","nufgb",NA,NA,NA,1,NA,58,63
"crglo",NA,NA,NA,NA,1,NA,NA,27.5
NA,NA,NA,NA,NA,NA,NA,NA,NA
NA,NA,NA,NA,NA,1,NA,NA,NA
"u8no5","tu81t",NA,NA,NA,1,NA,NA,NA
NA,"gzcpj",NA,NA,NA,2,NA,25,NA
"e19do","izb7u",NA,NA,NA,2,NA,41,45
NA,NA,NA,NA,NA,NA,NA,NA,NA
"l0vbb",NA,990.088684082031,NA,NA,1,32,NA,61
NA,NA,NA,NA,NA,2,NA,NA,NA
NA,NA,NA,NA,NA,NA,NA,NA,NA
"r9nni","rvmrf",NA,NA,NA,1,NA,40,NA
"v4fuu","elydz",NA,NA,NA,1,NA,NA,71
"fa4wl","psauo",NA,NA,NA,2,NA,34,41
NA,NA,NA,NA,NA,NA,NA,NA,NA
"l4048","rj01x",NA,NA,NA,1,NA,30.5,48
NA,"dbw1z",NA,NA,NA,1,NA,50,NA
"cz42b","pqerq",NA,4949.20556640625,2606.29223632812,2,NA,25,25
"yiurd","bk2ju",NA,NA,NA,1,NA,40,53
"tekry","llssn",NA,NA,NA,1,NA,61,68
NA,NA,NA,NA,NA,1,NA,NA,NA
NA,"otats",NA,NA,NA,1,NA,33.5,NA
"nc3w9","pkuih",NA,NA,NA,1,NA,34,4
"b4l5e","s9fgj",NA,NA,NA,1,NA,NA,55
"xpo51","vvemo",6457.23974609375,2296.67236328125,31.766918182373,1,26,54,53
NA,NA,NA,NA,NA,1,NA,NA,NA
"un2am","lplfz",NA,2129.28271484375,4408.14501953125,1,NA,24,37
"xpo51","oenx4",NA,3964.9541015625,31.766918182373,2,NA,38,53
"tn8hw","cij44",NA,NA,NA,2,NA,34,32.5
"g9zkx","gs7nz",NA,NA,NA,1,NA,26,19.3500003814697
NA,"bn7w0",NA,NA,NA,2,NA,47,NA
NA,"xoyrl",NA,NA,NA,1,NA,27.5,NA
NA,NA,NA,NA,NA,2,NA,NA,NA
NA,"ijl0v",NA,NA,NA,1,NA,NA,NA
"e19do","izb7u",NA,NA,NA,2,NA,41,45
NA,NA,NA,NA,NA,NA,NA,NA,NA
"fc5bg",NA,NA,NA,NA,2,NA,NA,NA
"o284l","pzxei",NA,61.3888893127441,NA,2,NA,38,41
NA,NA,NA,NA,NA,NA,NA,NA,NA
"bhciu","falcw",NA,NA,NA,2,NA,63.5,NA
NA,NA,NA,NA,NA,2,NA,NA,NA
"epu2p","wdt18",NA,NA,NA,2,NA,20.5,17.5
NA,"nv9zo",NA,NA,NA,2,NA,67,NA
"q6ali","ujwp5",NA,478.279083251953,NA,2,NA,14.5,11.6800003051758
"nnfo6","z75u9",NA,NA,NA,2,NA,-1,45
"y7018","pg57e",NA,1042.96643066406,NA,1,NA,37,49
"ej4od",NA,NA,NA,NA,1,NA,NA,NA
NA,NA,NA,NA,NA,2,NA,NA,NA
NA,NA,NA,NA,NA,NA,NA,NA,NA
"n1oih","rgwlr",NA,NA,NA,2,NA,NA,44
NA,NA,1614.49462890625,NA,NA,NA,41,NA,NA
"aenht","zhzqy",0,2481.63989257812,7886.14990234375,1,2.5,49,56
NA,NA,106.981330871582,NA,NA,NA,4,NA,NA
NA,NA,NA,NA,NA,NA,NA,NA,NA
"bhciu","falcw",NA,NA,NA,2,NA,63.5,NA
"wpl3e","th4de",1459.77783203125,NA,NA,2,26,42,NA
NA,NA,NA,NA,NA,NA,NA,NA,NA
"vc7kn","nt1nz",NA,4137.11083984375,NA,2,NA,32,46
NA,NA,4451.2587890625,NA,NA,NA,43,NA,NA
NA,NA,NA,NA,NA,NA,NA,NA,NA
NA,NA,NA,NA,NA,NA,NA,NA,NA
"bxhhq","ip3cb",NA,NA,NA,1,NA,36,40.5
"m3kvw","v22jc",NA,1344.92224121094,4053.10546875,1,NA,44,51.75
"l4048","rj01x",NA,NA,NA,2,NA,30.5,48
NA,NA,NA,NA,NA,2,NA,NA,NA
"v4fuu","elydz",NA,NA,NA,1,NA,NA,71
"bhciu","erjmn",NA,NA,NA,2,NA,34,NA
"ligpw","fqdbd",NA,1838.9453125,841.377319335938,1,NA,34,37
"gu77c","z7ai2",NA,NA,NA,2,NA,NA,NA
"n7uqz","otats",NA,NA,NA,1,NA,33.5,45
NA,NA,NA,NA,NA,NA,NA,NA,NA
"ngc5k","j466d",NA,NA,NA,2,NA,52,51
NA,NA,NA,NA,NA,2,NA,NA,NA
"crglo",NA,NA,NA,NA,1,NA,NA,27.5
"elxlc","s21qk",NA,NA,NA,2,NA,84,NA
NA,NA,NA,NA,NA,1,NA,NA,NA
NA,NA,NA,NA,NA,2,NA,NA,NA
NA,NA,NA,NA,NA,1,NA,NA,NA
NA,NA,NA,NA,NA,1,NA,NA,NA
"uts70","ddwoq",NA,2706.81665039062,NA,1,NA,66,66
"vc7kn","nt1nz",NA,4137.11083984375,NA,1,NA,32,46
"y0jlb","ak0mn",NA,NA,NA,1,NA,42,NA
NA,NA,NA,NA,NA,NA,NA,NA,NA
"iaf0x","zzetw",NA,3161.51879882812,2981.56762695312,2,NA,44,48
"tr1s3","zj5sw",NA,NA,NA,2,NA,56,62
"nggt4","k7f1n",NA,NA,8016.15966796875,2,NA,32,39
"dlhz5","k7f1n",NA,NA,NA,1,NA,32,32
"arc3c","qmn6a",NA,722.73095703125,4324.80712890625,1,NA,21.5,23.5
"xpo51","rsnfu",NA,8196.6015625,31.766918182373,2,NA,46,53
NA,NA,NA,NA,NA,NA,NA,NA,NA
"crglo","k7f1n",NA,NA,NA,1,NA,32,27.5
"y7018","pg57e",0,1042.96643066406,NA,1,4.75,37,49
"fa4wl","psauo",NA,NA,NA,2,NA,34,41
"g62pf","pbe5y",NA,NA,NA,1,NA,34,41
NA,NA,NA,NA,NA,NA,NA,NA,NA
"ynuzi","tgbx9",NA,4231.89990234375,409.446563720703,1,NA,28.5599994659424,28.5
"nvgt8","ry7vc",NA,NA,NA,2,NA,78,86
"wcfgk","cz010",NA,2808.53588867188,4127.46533203125,2,NA,46,49
"kz2g3","ye577",NA,NA,NA,2,NA,33,41
NA,NA,NA,NA,NA,1,NA,NA,NA
"l4048","rj01x",NA,NA,NA,1,NA,30.5,48
"xp3st","a4x4v",NA,NA,NA,2,NA,NA,NA
"ami7o","ugd0l",NA,NA,NA,1,NA,24,34
"bm6wq","vvemo",NA,2296.67236328125,1470.46484375,2,NA,54,66
"ku5yo","hrd79",NA,NA,NA,1,NA,30,46
NA,"bpgl7",NA,NA,NA,2,NA,56,NA
"yfk7y","p30ez",NA,NA,NA,2,NA,61,NA
NA,NA,NA,NA,NA,2,NA,NA,NA
NA,"zewv3",NA,3295.90502929688,NA,1,NA,16,NA
NA,NA,NA,NA,NA,2,NA,NA,NA
"jznfw","ldkvs",NA,NA,NA,1,NA,35,41
"nyua3","oa30u",NA,1014.07855224609,1282.51550292969,1,NA,32,37
"iom9u","lmwut",NA,NA,NA,1,NA,35,64
"jml6w","dg9z8",NA,NA,NA,1,NA,66,59
NA,NA,NA,NA,NA,1,NA,NA,NA
"tm63m","xj2wk",NA,1611.26574707031,NA,1,NA,59,66
NA,"ri410",NA,NA,NA,1,NA,NA,NA
"nyua3","oa30u",NA,1014.07855224609,1282.51550292969,2,NA,32,37
"nyua3","oa30u",NA,1014.07855224609,1282.51550292969,2,NA,32,37
"kx4f4","mh29l",NA,4378.634765625,NA,2,NA,65,72
NA,NA,NA,NA,NA,NA,NA,NA,NA
"vc7kn","nt1nz",0,4137.11083984375,NA,2,4.17000007629395,32,46
"z2kku","q9sla",NA,NA,NA,1,NA,76,81
NA,"pf49i",NA,NA,NA,2,NA,NA,NA
NA,NA,NA,NA,NA,NA,NA,NA,NA
NA,"pv3uc",NA,NA,NA,1,NA,21,NA
NA,NA,NA,NA,NA,NA,NA,NA,NA
NA,"s64km",NA,NA,NA,2,NA,17,NA
"bus6f","a0kwx",NA,NA,NA,2,NA,12,22
"j9n1j",NA,1282.51550292969,NA,4565.9912109375,1,36,NA,57
NA,NA,NA,NA,NA,1,NA,NA,NA
"ynuzi","tgbx9",NA,4231.89990234375,409.446563720703,2,NA,28.5599994659424,28.5
"r3bet","v789a",NA,NA,NA,2,NA,22.5,34
NA,NA,5212.482421875,NA,NA,NA,1,NA,NA
"nggt4","pzxei",NA,61.3888893127441,8016.15966796875,2,NA,38,39
"opfb9","h8u1g",NA,0,NA,2,NA,76,NA
NA,NA,NA,NA,NA,2,NA,NA,NA
"y7018","pg57e",NA,1042.96643066406,NA,1,NA,37,49
NA,NA,NA,NA,NA,NA,NA,NA,NA
NA,NA,NA,NA,NA,2,NA,NA,NA
NA,NA,NA,NA,NA,NA,NA,NA,NA
"jynod",NA,NA,NA,NA,1,NA,NA,29
NA,NA,NA,NA,NA,NA,NA,NA,NA
NA,NA,NA,NA,NA,NA,NA,NA,NA
NA,"bjw1i",NA,NA,NA,1,NA,23,NA
"ami7o","ugd0l",NA,NA,NA,2,NA,24,34
NA,"jd8a1",NA,NA,NA,2,NA,25,NA
"dt9uv","myjsw",NA,NA,NA,2,NA,23.5,23
NA,NA,NA,NA,NA,NA,NA,NA,NA
"w29y8","d1hcd",NA,NA,NA,1,NA,60,51
"q6ali","nxog4",NA,153.472732543945,NA,1,NA,10,11.6800003051758
"ami7o","ugd0l",NA,NA,NA,1,NA,24,34
"p3f2z","uy9pq",0,1459.77783203125,1113.31994628906,1,0.75,26,28
"h9epm","lmwut",NA,NA,NA,1,NA,35,49
"i5ae4","erjmn",NA,NA,NA,1,NA,34,NA
"l4048","rj01x",NA,NA,NA,2,NA,30.5,48
NA,"k7f1n",NA,NA,NA,2,NA,32,NA
NA,"lxtrd",NA,NA,NA,1,NA,NA,NA
NA,NA,NA,NA,NA,2,NA,NA,NA
"fgshf","rq15a",NA,NA,990.088684082031,2,NA,31,32
NA,NA,NA,NA,NA,2,NA,NA,NA
"jznfw","ldkvs",NA,NA,NA,1,NA,35,41
"d1n7j","gwgea",NA,87.2368392944336,NA,1,NA,17,24
NA,"fo60j",NA,NA,NA,1,NA,59,NA
"q5h43","fm4oy",NA,NA,NA,1,NA,NA,68
NA,NA,NA,NA,NA,1,NA,NA,NA
"kz2g3","ye577",101.891891479492,NA,NA,1,10.5200004577637,33,41
"cx2kq","q1dtv",NA,474.976654052734,NA,1,NA,17.0300006866455,18
"egrjp","z857z",775.0888671875,78.2818145751953,NA,2,6.5,50,48.5
"g9zkx","gs7nz",NA,NA,NA,1,NA,26,19.3500003814697
NA,"gwgmc",NA,NA,NA,1,NA,18,NA
NA,"j91uj",NA,NA,NA,1,NA,NA,NA
NA,NA,NA,NA,NA,2,NA,NA,NA
"bhciu","erjmn",NA,NA,NA,2,NA,34,NA
"hibtb","o58eh",NA,NA,NA,1,NA,68,NA
"sytcn","ewoy2",NA,NA,NA,2,NA,NA,41
NA,NA,0,NA,NA,NA,1.5,NA,NA
"y7018","n8gmk",NA,NA,NA,2,NA,43,49
"h05sr","mge1d",NA,NA,NA,1,NA,17,21.5
NA,NA,NA,NA,NA,NA,NA,NA,NA
NA,"dlcpj",NA,NA,NA,1,NA,35,NA
NA,"mlnzn",NA,NA,NA,1,NA,66,NA
NA,NA,NA,NA,NA,NA,NA,NA,NA
"m1hr1","b9vxh",NA,2233.65405273438,NA,2,NA,44.3300018310547,46
"v73iy","nonnr",NA,3656.29858398438,NA,1,NA,62,NA
NA,NA,NA,NA,NA,NA,NA,NA,NA
"jjdtc","bepky",4394.52685546875,5488.13720703125,2352.0107421875,2,25,57,76
"f03xz","kdf26",1524.525390625,NA,NA,2,34,NA,88
NA,NA,NA,NA,NA,2,NA,NA,NA
NA,NA,NA,NA,NA,NA,NA,NA,NA
"dvb3a","iax7l",NA,NA,NA,1,NA,47,56
NA,NA,105.834754943848,NA,NA,NA,35,NA,NA
"arc3c","qmn6a",NA,722.73095703125,4324.80712890625,2,NA,21.5,23.5
NA,NA,NA,NA,NA,1,NA,NA,NA
NA,"k7f1n",NA,NA,NA,2,NA,32,NA
"yiurd","bk2ju",NA,NA,NA,1,NA,40,53
NA,NA,NA,NA,NA,NA,NA,NA,NA
"arc3c","qmn6a",NA,722.73095703125,4324.80712890625,1,NA,21.5,23.5
"tekry","llssn",NA,NA,NA,2,NA,61,68
"b6qtj","vhe99",NA,833.278686523438,NA,2,NA,66,68
"jjdtc","h31ly",NA,NA,2352.0107421875,1,NA,67,76
"ytfm9","f9orm",NA,NA,1325.94177246094,1,NA,13,15
"opfb9","h8u1g",NA,0,NA,2,NA,76,NA
"vc7kn","nt1nz",NA,4137.11083984375,NA,1,NA,32,46
"jciki","zj5sw",NA,NA,NA,1,NA,56,27.5
NA,NA,NA,NA,NA,2,NA,NA,NA
"b9evf","f0ek4",NA,1653.83996582031,1844.02172851562,2,NA,10.5,14
"vc7kn","nt1nz",NA,4137.11083984375,NA,1,NA,32,46
NA,NA,NA,NA,NA,2,NA,NA,NA
NA,NA,NA,NA,NA,1,NA,NA,NA
"evjer","wcb7x",NA,NA,NA,2,NA,70,NA
"ynuzi","tgbx9",NA,4231.89990234375,409.446563720703,1,NA,28.5599994659424,28.5
"pxbet","d3bjk",NA,NA,NA,1,NA,20,24
"ngc5k","j466d",NA,NA,NA,2,NA,52,51
NA,"rvmrf",NA,NA,NA,2,NA,40,NA
NA,NA,NA,NA,NA,NA,NA,NA,NA
NA,NA,NA,NA,NA,NA,NA,NA,NA
"s41gq","v67ej",NA,NA,NA,1,NA,34,49
NA,"b3iw8",NA,NA,NA,1,NA,20,NA
"un2am","lplfz",NA,2129.28271484375,4408.14501953125,2,NA,24,37
"otnre","cz010",NA,2808.53588867188,NA,1,NA,46,42
NA,NA,NA,NA,NA,NA,NA,NA,NA
NA,NA,0,NA,NA,NA,31,NA,NA
NA,NA,NA,NA,NA,NA,NA,NA,NA
NA,NA,NA,NA,NA,NA,NA,NA,NA
NA,NA,NA,NA,NA,NA,NA,NA,NA
"i0fra","p3mnx",NA,NA,2754.9638671875,2,NA,NA,61
"e1j1e","wilbx",NA,NA,NA,2,NA,21.5,24
"mop1n","lahp7",NA,NA,NA,2,NA,11,34
"hsga4","rvmrf",NA,NA,NA,1,NA,40,NA
NA,NA,NA,NA,NA,1,NA,NA,NA
NA,NA,NA,NA,NA,1,NA,NA,NA
"yjt37","mmcto",NA,NA,NA,2,NA,61,67
"v73iy","nonnr",3964.9541015625,3656.29858398438,NA,2,38,62,NA
NA,"a1unr",NA,NA,NA,2,NA,61,NA
NA,NA,NA,NA,NA,NA,NA,NA,NA
NA,"uwjqq",NA,NA,NA,2,NA,83,NA
"dvb3a","iax7l",NA,NA,NA,2,NA,47,56
"elxlc","s21qk",NA,NA,NA,2,NA,84,NA
"xyf3r","ik6si",NA,NA,NA,1,NA,35,36
"bhciu","sdj7f",NA,NA,NA,2,NA,42.5,NA
"t8ozm",NA,NA,NA,NA,1,NA,NA,31
"fgshf","rq15a",NA,NA,990.088684082031,1,NA,31,32
"u1w8q","vdy56",153.472732543945,3242.33276367188,NA,2,9,42,36
"jjdtc","bepky",NA,5488.13720703125,2352.0107421875,2,NA,57,76
NA,NA,NA,NA,NA,NA,NA,NA,NA
"m95ta","n6gsz",NA,NA,NA,2,NA,59,66
"yiurd","bk2ju",NA,NA,NA,1,NA,40,53
"o284l","pzxei",NA,61.3888893127441,NA,1,NA,38,41
"bhciu","sdj7f",NA,NA,NA,2,NA,42.5,NA
"csxsp","p9d69",108.502014160156,NA,NA,2,10,25,33
NA,"v1rzm",NA,2434.17529296875,NA,1,NA,47,NA
NA,"mlnzn",NA,NA,NA,2,NA,66,NA
"kz2g3","ye577",NA,NA,NA,1,NA,33,41
"nc3w9","pkuih",NA,NA,NA,1,NA,34,4
NA,NA,NA,NA,NA,NA,NA,NA,NA
"r3bet","v789a",NA,NA,NA,1,NA,22.5,34
NA,"xa89r",NA,NA,NA,1,NA,55,NA
"v4fuu","n3tbx",NA,NA,NA,1,NA,59,71
"jml6w","b1aai",5289.39501953125,NA,NA,1,27,NA,59
"ffyej",NA,NA,NA,NA,2,NA,NA,25
NA,NA,NA,NA,NA,NA,NA,NA,NA
NA,NA,NA,NA,NA,2,NA,NA,NA
"j01g0","lsv5z",NA,NA,NA,1,NA,NA,50
NA,NA,NA,NA,NA,NA,NA,NA,NA
NA,NA,NA,NA,NA,NA,NA,NA,NA
NA,NA,NA,NA,NA,2,NA,NA,NA
"mdisk","t00u6",NA,NA,NA,1,NA,71,80
"rjqc1","xj2wk",NA,1611.26574707031,2261.6064453125,1,NA,59,56
"uf2oz","ogvt8",NA,NA,NA,1,NA,71,NA
NA,NA,NA,NA,NA,1,NA,NA,NA
"gu77c","z7ai2",NA,NA,NA,2,NA,NA,NA
"qzvl3","oyp2e",NA,1524.525390625,105.834754943848,1,NA,35,36
"dvb3a","iax7l",NA,NA,NA,2,NA,47,56
NA,NA,NA,NA,NA,NA,NA,NA,NA
NA,NA,NA,NA,NA,1,NA,NA,NA
NA,"b96dy",NA,NA,NA,1,NA,15,NA
NA,NA,NA,NA,NA,2,NA,NA,NA
NA,NA,NA,NA,NA,NA,NA,NA,NA
"yiurd","bk2ju",NA,NA,NA,1,NA,40,53
NA,"jy5qp",NA,NA,NA,2,NA,35,NA
NA,NA,NA,NA,NA,NA,NA,NA,NA
NA,NA,NA,NA,NA,NA,NA,NA,NA
NA,NA,3274.6826171875,NA,NA,NA,33,NA,NA
NA,"otats",NA,NA,NA,1,NA,33.5,NA
NA,NA,NA,NA,NA,2,NA,NA,NA
"rjqc1","xj2wk",NA,1611.26574707031,2261.6064453125,1,NA,59,56
NA,"pat8c",NA,1050.15539550781,NA,1,NA,20,NA
"h05sr","mge1d",NA,NA,NA,1,NA,17,21.5
NA,NA,NA,NA,NA,NA,NA,NA,NA
"hmiqm","mv28x",NA,NA,1217.74340820312,1,NA,NA,61
NA,NA,NA,NA,NA,2,NA,NA,NA
"e19do","izb7u",NA,NA,NA,1,NA,41,45
NA,"b982q",NA,NA,NA,2,NA,NA,NA
"ngc5k","j466d",NA,NA,NA,1,NA,52,51
NA,NA,NA,NA,NA,NA,NA,NA,NA
"rbhzm",NA,NA,NA,NA,2,NA,NA,66
"qw63x","ii1qm",NA,NA,NA,2,NA,NA,NA
NA,NA,NA,NA,NA,NA,NA,NA,NA
NA,NA,NA,NA,NA,NA,NA,NA,NA
"fquo7","ymg7p",5367.0849609375,NA,NA,2,27,51,51
"uts70","ddwoq",1834.91943359375,2706.81665039062,NA,2,31.5,66,66
"qjtri","zacat",NA,NA,NA,1,NA,48,56
"xp3st","a4x4v",NA,NA,NA,2,NA,NA,NA
"jznfw","ldkvs",NA,NA,NA,2,NA,35,41
"o284l","zm9fd",NA,NA,NA,2,NA,19.1000003814697,41
NA,NA,NA,NA,NA,1,NA,NA,NA
NA,NA,NA,NA,NA,1,NA,NA,NA
NA,"uwhyz",NA,NA,NA,1,NA,66,NA
NA,NA,NA,NA,NA,2,NA,NA,NA
NA,NA,NA,NA,NA,NA,NA,NA,NA
"v84tz","ak0mn",NA,NA,NA,2,NA,42,47
"ni94m","mmbnq",NA,NA,NA,2,NA,15,17
NA,NA,NA,NA,NA,1,NA,NA,NA
NA,"m9fq3",NA,NA,NA,1,NA,40,NA
"wiwje","vhe99",3242.33276367188,833.278686523438,NA,2,41,66,71
"epu2p","wdt18",NA,NA,NA,1,NA,20.5,17.5
NA,"dlcpj",NA,NA,NA,1,NA,35,NA
NA,"skuml",NA,NA,NA,1,NA,61,NA
"ami7o","ugd0l",NA,NA,NA,2,NA,24,34
"ovp7g","wqv86",NA,NA,NA,2,NA,NA,13
NA,NA,NA,NA,NA,2,NA,NA,NA
"yiurd","bk2ju",NA,NA,NA,1,NA,40,53
"h05sr","mge1d",NA,NA,NA,1,NA,17,21.5
NA,NA,NA,NA,NA,1,NA,NA,NA
"bhciu","erjmn",NA,NA,NA,2,NA,34,NA
NA,NA,NA,NA,NA,2,NA,NA,NA
"pj9um","f3rxk",NA,NA,NA,2,NA,60,NA
NA,NA,NA,NA,NA,NA,NA,NA,NA
NA,NA,NA,NA,NA,NA,NA,NA,NA
NA,NA,0,NA,NA,NA,75,NA,NA
"tekry","llssn",NA,NA,NA,1,NA,61,68
"f5nd8","eetx5",78.2818145751953,NA,NA,2,50,NA,NA
"s41gq","v67ej",NA,NA,NA,2,NA,34,49
NA,NA,NA,NA,NA,NA,NA,NA,NA
"p3f2z","uy9pq",NA,1459.77783203125,1113.31994628906,1,NA,26,28
NA,NA,NA,NA,NA,NA,NA,NA,NA
NA,NA,NA,NA,NA,NA,NA,NA,NA
"s41gq","v67ej",NA,NA,NA,1,NA,34,49
NA,NA,NA,NA,NA,NA,NA,NA,NA
"dvb3a","iax7l",NA,NA,NA,1,NA,47,56
NA,"zj5sw",NA,NA,NA,1,NA,56,NA
"okr08","gg85c",NA,NA,NA,1,NA,13,19.6299991607666
NA,NA,NA,NA,NA,NA,NA,NA,NA
NA,NA,NA,NA,NA,NA,NA,NA,NA
"jznfw","ldkvs",NA,NA,NA,1,NA,35,41
"ngc5k","j466d",NA,NA,NA,2,NA,52,51
"utsi6","m00gy",NA,3653.23095703125,NA,1,NA,54,NA
NA,"fzrwl",NA,NA,NA,2,NA,91,NA
"pqbdh","nv9zo",NA,NA,NA,1,NA,67,76
"nnu2w","x86yw",NA,3493.11254882812,NA,1,NA,14.5,22.3500003814697
"r3bet","q499a",NA,NA,NA,1,NA,22.5,34
NA,NA,NA,NA,NA,1,NA,NA,NA
"evjer","wcb7x",NA,NA,NA,2,NA,70,NA
NA,NA,NA,NA,NA,NA,NA,NA,NA
NA,NA,NA,NA,NA,NA,NA,NA,NA
NA,NA,NA,NA,NA,1,NA,NA,NA
NA,NA,NA,NA,NA,2,NA,NA,NA
NA,NA,NA,NA,NA,2,NA,NA,NA
"jjdtc","h31ly",NA,NA,2352.0107421875,1,NA,67,76
NA,"mlnzn",NA,NA,NA,2,NA,66,NA
"bxhhq","ip3cb",NA,NA,NA,2,NA,36,40.5
NA,NA,NA,NA,NA,NA,NA,NA,NA
"ls2hf","rkxgr",NA,6517.00732421875,NA,2,NA,51,NA
NA,"t00u6",NA,NA,NA,1,NA,71,NA
"nggt4","k7f1n",NA,NA,8016.15966796875,2,NA,32,39
NA,"pq8nf",NA,4394.52685546875,NA,2,NA,26,NA
"zigla","wgfqf",NA,NA,NA,2,NA,39,37
"zzvz0","gpb11",NA,NA,NA,2,NA,28.5,NA
NA,NA,NA,NA,NA,2,NA,NA,NA
"ynuzi","tgbx9",NA,4231.89990234375,409.446563720703,1,NA,28.5599994659424,28.5
NA,"c38r7",NA,NA,NA,2,NA,NA,NA
NA,"zj5sw",NA,NA,NA,1,NA,56,NA
"p0cma","f3rxk",NA,NA,NA,1,NA,60,65
NA,NA,NA,NA,NA,2,NA,NA,NA
NA,NA,NA,NA,NA,2,NA,NA,NA
"rbhzm","ej9aw",NA,NA,NA,1,NA,61,66
NA,NA,NA,NA,NA,NA,NA,NA,NA
NA,NA,NA,NA,NA,NA,NA,NA,NA
"s41gq","otats",NA,NA,NA,2,NA,33.5,49
"v84tz","ak0mn",NA,NA,NA,2,NA,42,47
NA,"k7f1n",NA,NA,NA,2,NA,32,NA
"sjn7t","ltvlp",NA,NA,NA,1,NA,NA,NA
NA,NA,2677.84301757812,NA,NA,NA,30.5,NA,NA
"xptbr",NA,NA,NA,NA,2,NA,NA,19.2999992370605
NA,NA,NA,NA,NA,NA,NA,NA,NA
NA,NA,3295.90502929688,NA,NA,NA,16,NA,NA
"vc7kn","nt1nz",NA,4137.11083984375,NA,1,NA,32,46
NA,NA,NA,NA,NA,2,NA,NA,NA
NA,NA,NA,NA,NA,NA,NA,NA,NA
NA,"nv9zo",NA,NA,NA,2,NA,67,NA
"ejid4",NA,NA,NA,NA,1,NA,NA,65
NA,"erjmn",NA,NA,NA,1,NA,34,NA
NA,"fzrwl",NA,NA,NA,2,NA,91,NA
"bxfrh","slon8",NA,NA,NA,2,NA,84,NA
"un2am","lplfz",NA,2129.28271484375,4408.14501953125,1,NA,24,37
"arc3c","qmn6a",NA,722.73095703125,4324.80712890625,2,NA,21.5,23.5
"r9nni","rvmrf",NA,NA,NA,1,NA,40,NA
"szoo1","ta2q8",NA,NA,NA,1,NA,15,NA
"v73iy","nonnr",NA,3656.29858398438,NA,1,NA,62,NA
"vc7kn","nt1nz",NA,4137.11083984375,NA,2,NA,32,46
NA,NA,NA,NA,NA,2,NA,NA,NA
"xbbuu","a4pbf",NA,NA,NA,1,NA,44,51
NA,NA,NA,NA,NA,2,NA,NA,NA
"idzrg","oyc9i",NA,NA,NA,1,NA,NA,NA
"ej4od","uwhyz",NA,NA,NA,1,NA,66,NA
NA,"erjmn",NA,NA,NA,2,NA,34,NA
"kpi19","a0ah6",NA,NA,NA,2,NA,83,86
"xpo51",NA,NA,NA,31.766918182373,2,NA,NA,53
NA,NA,NA,NA,NA,NA,NA,NA,NA
"qhhpo","imexw",NA,2594.77978515625,547.559997558594,2,NA,18.3299999237061,24.5200004577637
NA,NA,NA,NA,NA,NA,NA,NA,NA
NA,NA,1722.4677734375,NA,NA,1,61,NA,NA
NA,NA,4190.31005859375,NA,NA,NA,19,NA,NA
"u5ynr",NA,NA,NA,NA,1,NA,NA,NA
NA,NA,NA,NA,NA,1,NA,NA,NA
"ks0ic","a5bxr",NA,NA,NA,2,NA,74,68
NA,NA,10.3954706192017,NA,NA,NA,6,NA,NA
NA,"tr8fg",NA,NA,NA,2,NA,46,NA
NA,NA,0,NA,NA,NA,5.5,NA,NA
NA,NA,NA,NA,NA,2,NA,NA,NA
"ykdb5","ebdon",722.73095703125,NA,NA,2,21.5,59,NA
"i0fra","pd8dv",NA,4476.65478515625,2754.9638671875,2,29,62,61
"eb6yg","z6nna",NA,NA,NA,2,NA,64,78
"ngc5k","j466d",NA,NA,NA,1,NA,52,51
"e19do","izb7u",1844.02172851562,NA,NA,1,14,41,45
NA,"pmeh6",NA,2677.84301757812,NA,1,NA,31.5,NA
NA,NA,NA,NA,NA,1,NA,NA,NA
"aenht","zhzqy",459.588226318359,2481.63989257812,7886.14990234375,2,7.5,49,56
"csxsp","p9d69",NA,NA,NA,2,NA,25,33
"jjdtc","h31ly",NA,NA,2352.0107421875,2,NA,67,76
"wcfgk","cz010",NA,2808.53588867188,4127.46533203125,1,NA,46,49
"qw63x","ii1qm",NA,NA,NA,2,NA,NA,NA
NA,NA,NA,NA,NA,NA,NA,NA,NA
"wpl3e","th4de",NA,NA,NA,2,NA,42,NA
"bxt3q","pq8nf",0,4394.52685546875,NA,1,3.75,26,36
NA,NA,NA,NA,NA,NA,NA,NA,NA
NA,NA,NA,NA,NA,NA,NA,NA,NA
"csxsp","p9d69",NA,NA,NA,1,NA,25,33
"p3f2z","uy9pq",NA,1459.77783203125,1113.31994628906,1,NA,26,28
NA,NA,NA,NA,NA,NA,NA,NA,NA
"ks0ic","a5bxr",NA,NA,NA,2,NA,74,68
NA,NA,NA,NA,NA,NA,NA,NA,NA
"kz2g3","ye577",127.529998779297,NA,NA,2,8,33,41
"tekry","llssn",NA,NA,NA,2,NA,61,68
"e19do","izb7u",NA,NA,NA,2,NA,41,45
NA,NA,NA,NA,NA,NA,NA,NA,NA
NA,NA,NA,NA,NA,NA,NA,NA,NA
NA,NA,NA,NA,NA,NA,NA,NA,NA
NA,NA,2261.6064453125,NA,NA,NA,56,NA,NA
NA,NA,NA,NA,NA,NA,NA,NA,NA
"r3bet","q499a",NA,NA,NA,2,NA,22.5,34
"g9zkx","gs7nz",NA,NA,NA,1,NA,26,19.3500003814697
"arc3c","qmn6a",0,722.73095703125,4324.80712890625,1,1.75,21.5,23.5
NA,NA,NA,NA,NA,NA,NA,NA,NA
NA,"b1aai",NA,NA,NA,1,NA,NA,NA
"l4048","rj01x",NA,NA,NA,2,NA,30.5,48
NA,NA,NA,NA,NA,NA,NA,NA,NA
NA,NA,NA,NA,NA,NA,NA,NA,NA
"f03xz","kdf26",3653.23095703125,NA,NA,2,53,NA,88
NA,"m3x5b",NA,NA,NA,2,NA,22,NA
"ejid4","d1o9e",NA,NA,NA,1,NA,NA,65
NA,NA,NA,NA,NA,NA,NA,NA,NA
"u8no5","tu81t",1470.46484375,NA,NA,1,65,NA,NA
"kz2g3","ye577",NA,NA,NA,1,NA,33,41
"k2ny3","f1qty",NA,NA,NA,2,NA,36,NA
"dvb3a","iax7l",NA,NA,NA,1,NA,47,56
NA,NA,NA,NA,NA,NA,NA,NA,NA
"ynuzi","tgbx9",NA,4231.89990234375,409.446563720703,2,NA,28.5599994659424,28.5
"ynuzi","tgbx9",NA,4231.89990234375,409.446563720703,1,NA,28.5599994659424,28.5
NA,NA,NA,NA,NA,1,NA,NA,NA
"e1j1e","wilbx",NA,NA,NA,1,NA,21.5,24
NA,"wnmgs",NA,NA,NA,2,NA,31,NA
NA,NA,8.30827045440674,NA,NA,NA,4,NA,NA
"ea06n","k2fxt",3656.29858398438,NA,NA,2,62,NA,NA
NA,NA,NA,NA,NA,NA,NA,NA,NA
"wcfgk","zzetw",0,3161.51879882812,4127.46533203125,2,7,44,49
"oknn7","k9t8q",NA,4199.25732421875,3571.26733398438,1,NA,31,36
"hmio7","l7o5r",NA,3205.93896484375,NA,2,NA,29.25,30
"nvgt8","ry7vc",NA,NA,NA,1,NA,78,86
NA,"nv9zo",3161.51879882812,NA,NA,2,44,67,NA
"madgg","tpc3y",4199.25732421875,NA,NA,2,31,57,75
NA,NA,NA,NA,NA,NA,NA,NA,NA
NA,NA,0,NA,NA,NA,NA,NA,NA
NA,NA,NA,NA,NA,2,NA,NA,NA
"mmlbr","fd5pb",NA,1807.73425292969,NA,1,NA,58,68
NA,"xa89r",NA,NA,NA,1,NA,55,NA
"idzrg","uwhyz",NA,NA,NA,1,NA,66,NA
NA,NA,NA,NA,NA,1,NA,NA,NA
NA,"lmwut",NA,NA,NA,1,NA,35,NA
"wcfgk","cz010",NA,2808.53588867188,4127.46533203125,2,NA,46,49
NA,"bpvps",NA,NA,NA,2,NA,66,NA
NA,NA,NA,NA,NA,NA,NA,NA,NA
NA,NA,NA,NA,NA,2,NA,NA,NA
"hsga4","rvmrf",NA,NA,NA,1,NA,40,NA
"arc3c","qmn6a",NA,722.73095703125,4324.80712890625,2,NA,21.5,23.5
"jt8pn","pdm6o",NA,NA,NA,2,NA,51,NA
NA,NA,NA,NA,NA,1,NA,NA,NA
"iaf0x","oenx4",NA,3964.9541015625,2981.56762695312,2,NA,38,48
"i5ae4","ukb39",NA,NA,NA,2,NA,26,NA
"yelcr","nufgb",NA,NA,NA,1,NA,58,63
"agwpw","tr8fg",NA,NA,NA,2,NA,46,NA
NA,"lxtrd",NA,NA,NA,2,NA,NA,NA
"na3u7","sdj7f",NA,NA,NA,2,NA,42.5,50
NA,NA,NA,NA,NA,1,NA,NA,NA
"arc3c","qmn6a",NA,722.73095703125,4324.80712890625,2,NA,21.5,23.5
"g62pf",NA,NA,NA,NA,1,NA,NA,41
NA,"bpgl7",NA,NA,NA,1,NA,56,NA
"csxsp","p9d69",NA,NA,NA,1,NA,25,33
"nnu2w","x86yw",NA,3493.11254882812,NA,1,NA,14.5,22.3500003814697
"ami7o",NA,NA,NA,NA,1,NA,NA,34
NA,NA,NA,NA,NA,2,NA,NA,NA
"tekry","llssn",NA,NA,NA,1,NA,61,68
NA,NA,NA,NA,NA,NA,NA,NA,NA
NA,NA,NA,NA,NA,1,NA,NA,NA
"ykdb5","ebdon",2883.08935546875,NA,NA,2,31,59,NA
"otnre","iecn7",NA,NA,NA,1,NA,NA,42
"bxfrh","slon8",NA,NA,NA,2,NA,84,NA
"sytcn","ewoy2",NA,NA,NA,2,NA,NA,41
NA,NA,0,NA,NA,NA,18,NA,NA
NA,NA,NA,NA,NA,1,NA,NA,NA
"imee6","d2ddc",NA,NA,NA,1,NA,63,70
"v73iy","nonnr",NA,3656.29858398438,NA,1,NA,62,NA
"b6qtj","vhe99",NA,833.278686523438,NA,2,NA,66,68
"ykdb5","ebdon",NA,NA,NA,1,NA,59,NA
"ier1i","drmg9",3193.01000976562,NA,NA,2,53,76,NA
"jjdtc","h31ly",NA,NA,2352.0107421875,2,NA,67,76
"l4048","rj01x",NA,NA,NA,2,NA,30.5,48
NA,"s12bc",NA,NA,NA,1,NA,14,NA
NA,NA,NA,NA,NA,1,NA,NA,NA
NA,"gwgmc",NA,NA,NA,1,NA,18,NA
"y7018","pg57e",NA,1042.96643066406,NA,1,NA,37,49
"xuwsm","z0fx1",NA,369.50537109375,5289.39501953125,2,NA,21.5,28
NA,"tjid4",NA,NA,NA,2,NA,18,NA
NA,"j466d",NA,NA,NA,1,NA,52,NA
NA,"hrd79",NA,NA,NA,2,NA,30,NA
"e19do","izb7u",NA,NA,NA,2,NA,41,45
"kadhe","bsj18",843.028198242188,3193.01000976562,NA,1,20,54,51
"p3f2z","uy9pq",NA,1459.77783203125,1113.31994628906,2,NA,26,28
"p3f2z","uy9pq",NA,1459.77783203125,1113.31994628906,1,NA,26,28
NA,"bpgl7",NA,NA,NA,2,NA,56,NA
"ks0ic","a5bxr",NA,NA,NA,2,NA,74,68
"s41gq","otats",NA,NA,NA,2,NA,33.5,49
NA,NA,NA,NA,NA,NA,NA,NA,NA
"i0fra","p3mnx",NA,NA,2754.9638671875,1,NA,NA,61
NA,NA,NA,NA,NA,NA,NA,NA,NA
"p0cma","f3rxk",NA,NA,NA,2,NA,60,65
NA,"dbw1z",NA,NA,NA,1,NA,50,NA
"tm63m","xj2wk",NA,1611.26574707031,NA,2,NA,59,66
NA,NA,NA,NA,NA,1,NA,NA,NA
"ls30o","yy205",NA,2971.93969726562,2406.7333984375,1,NA,20.5,38.2000007629395
NA,"bpgl7",NA,NA,NA,1,NA,56,NA
"b8jtt","m00gy",NA,3653.23095703125,3012.837890625,2,NA,54,60.5
NA,NA,NA,NA,NA,NA,NA,NA,NA
"q0d3k","bpvps",NA,NA,NA,1,NA,66,43
NA,"rq8ks",NA,NA,NA,2,NA,17,NA
"w29y8","d1hcd",NA,NA,NA,1,NA,60,51
"wqve6","m5wk4",NA,NA,NA,1,NA,46,57.5
"i0fra","p3mnx",NA,NA,2754.9638671875,1,NA,NA,61
NA,"z857z",NA,78.2818145751953,NA,2,NA,50,NA
NA,NA,2841.32397460938,NA,NA,NA,20,NA,NA
"oknn7","k9t8q",0,4199.25732421875,3571.26733398438,1,2,31,36
NA,NA,NA,NA,NA,NA,NA,NA,NA
"ier1i","drmg9",NA,NA,NA,2,NA,76,NA
"g9zkx","gs7nz",NA,NA,NA,2,NA,26,19.3500003814697
NA,NA,0,NA,NA,NA,37,NA,NA
"jml6w","b1aai",NA,NA,NA,1,NA,NA,59
NA,NA,NA,NA,NA,NA,NA,NA,NA
NA,"falcw",NA,NA,NA,2,NA,63.5,NA
NA,NA,NA,NA,NA,NA,NA,NA,NA
"kpi19","a0ah6",697.843933105469,NA,NA,2,56,83,86
"n1oih","rgwlr",NA,NA,NA,2,NA,NA,44
NA,NA,3844.80151367188,NA,NA,NA,70,NA,NA
"exlsl","q04di",NA,NA,NA,2,NA,57,61
NA,NA,1359.06750488281,NA,NA,NA,18.4699993133545,NA,NA
NA,NA,NA,NA,NA,1,NA,NA,NA
"ea06n","k2fxt",NA,NA,NA,1,NA,NA,NA
"madgg","tpc3y",NA,NA,NA,2,NA,57,75
NA,"xbru1",NA,NA,NA,1,NA,NA,NA
"j01g0","vdy56",NA,3242.33276367188,NA,1,NA,42,50
NA,NA,NA,NA,NA,2,NA,NA,NA
NA,NA,NA,NA,NA,NA,NA,NA,NA
"ynuzi","tgbx9",NA,4231.89990234375,409.446563720703,2,NA,28.5599994659424,28.5
NA,"oyc9i",NA,NA,NA,1,NA,NA,NA
"ks0ic","a5bxr",NA,NA,NA,2,NA,74,68
"xpo51","rsnfu",NA,8196.6015625,31.766918182373,2,NA,46,53
NA,"s12bc",NA,NA,NA,1,NA,14,NA
NA,NA,NA,NA,NA,NA,NA,NA,NA
"h05sr","mge1d",NA,NA,NA,1,NA,17,21.5
"y7018","pg57e",NA,1042.96643066406,NA,2,NA,37,49
"kadhe","bsj18",0,3193.01000976562,NA,2,15,54,51
"yfk7y","p30ez",NA,NA,NA,2,NA,61,NA
"na3u7","sdj7f",NA,NA,NA,2,NA,42.5,50
"iom9u","lmwut",NA,NA,NA,1,NA,35,64
NA,"w2fgm",NA,NA,NA,2,NA,41,NA
"l8uy0","gy4cz",NA,NA,NA,2,NA,66,NA
"ynuzi","tgbx9",NA,4231.89990234375,409.446563720703,1,NA,28.5599994659424,28.5
NA,"otats",NA,NA,NA,2,NA,33.5,NA
"i0fra","p3mnx",NA,NA,2754.9638671875,2,NA,NA,61
NA,NA,476.583984375,NA,NA,NA,14,NA,NA
"yelcr","nufgb",NA,NA,NA,1,NA,58,63
NA,NA,149.306930541992,NA,NA,NA,7,NA,NA
"ku5yo","hrd79",NA,NA,NA,1,NA,30,46
"ks0ic","a5bxr",NA,NA,NA,2,NA,74,68
NA,"r98bl",NA,NA,NA,2,NA,11,NA
NA,NA,4476.65478515625,NA,NA,NA,61,NA,NA
"xyf3r","edm41",NA,NA,NA,2,NA,35,36
NA,"ujc9d",NA,NA,NA,1,NA,21,NA
NA,NA,NA,NA,NA,NA,NA,NA,NA
NA,"rvmrf",NA,NA,NA,1,NA,40,NA
"ynuzi","tgbx9",NA,4231.89990234375,409.446563720703,1,NA,28.5599994659424,28.5
NA,NA,NA,NA,NA,1,NA,NA,NA
"yiurd","bk2ju",NA,NA,NA,1,NA,40,53
"vc7kn","nt1nz",NA,4137.11083984375,NA,1,NA,32,46
"f5nd8","eetx5",NA,NA,NA,2,NA,NA,NA
"hmio7","l7o5r",NA,3205.93896484375,NA,2,NA,29.25,30
NA,"r45gx",NA,NA,NA,2,NA,50,NA
"na3u7","sdj7f",NA,NA,NA,2,NA,42.5,50
"szoo1","ta2q8",NA,NA,NA,2,NA,15,NA
"evjer","wcb7x",NA,NA,NA,2,NA,70,NA
"or7a2","psauo",NA,NA,NA,2,NA,34,39
"vc7kn","nt1nz",271.274536132812,4137.11083984375,NA,1,7.98999977111816,32,46
"idzrg","oyc9i",NA,NA,NA,1,NA,NA,NA
"jznfw","ldkvs",NA,NA,NA,1,NA,35,41
NA,NA,NA,NA,NA,NA,NA,NA,NA
"s41gq","v67ej",NA,NA,NA,2,NA,34,49
NA,NA,NA,NA,NA,2,NA,NA,NA
NA,NA,NA,NA,NA,NA,NA,NA,NA
"b8jtt","gpl9x",NA,NA,3012.837890625,1,NA,64,60.5
"yiurd","fo60j",NA,NA,NA,2,NA,59,53
"o88r4","llkxf",NA,NA,NA,1,NA,71,56
NA,NA,NA,NA,NA,1,NA,NA,NA
"u1w8q",NA,NA,NA,NA,2,NA,NA,36
NA,NA,NA,NA,NA,1,NA,NA,NA
"aan8t","kgeze",NA,1636.31884765625,NA,2,NA,65,NA
NA,NA,NA,NA,NA,NA,NA,NA,NA
"gvoap","gpb11",NA,NA,NA,2,NA,28.5,NA
"evjer","wcb7x",NA,NA,NA,2,NA,70,NA
"p3n74","fqot8",NA,1834.91943359375,0,1,NA,31.5,34
NA,NA,NA,NA,NA,NA,NA,NA,NA
"un2am","lplfz",NA,2129.28271484375,4408.14501953125,1,NA,24,37
NA,"ogc8z",NA,NA,NA,1,NA,57.5,NA
"ami7o","ugd0l",NA,NA,NA,1,NA,24,34
NA,NA,2168.583984375,NA,NA,NA,76,NA,NA
NA,NA,NA,NA,NA,NA,NA,NA,NA
NA,NA,NA,NA,NA,NA,NA,NA,NA
NA,NA,NA,NA,NA,2,NA,NA,NA
"y7018","pg57e",474.976654052734,1042.96643066406,NA,2,17.0300006866455,37,49
"ynuzi","tgbx9",NA,4231.89990234375,409.446563720703,1,NA,28.5599994659424,28.5
NA,NA,NA,NA,NA,1,NA,NA,NA
NA,NA,NA,NA,NA,2,NA,NA,NA
NA,NA,NA,NA,NA,2,NA,NA,NA
"jt8pn","pdm6o",NA,NA,NA,2,NA,51,NA
"c7uxh","lahp7",NA,NA,NA,1,NA,11,15
NA,NA,NA,NA,NA,1,NA,NA,NA
"h05sr","mge1d",NA,NA,NA,2,NA,17,21.5
"nc3w9","pkuih",NA,NA,NA,1,NA,34,4
"ej4od","uwhyz",NA,NA,NA,1,NA,66,NA
"x5w13","v8cob",NA,NA,NA,2,NA,26,30
"o88r4","itfqa",NA,NA,NA,2,NA,63,56
"bus6f","a0kwx",NA,NA,NA,1,NA,12,22
"e1j1e",NA,NA,NA,NA,2,NA,NA,24
NA,NA,NA,NA,NA,NA,NA,NA,NA
"i5ae4","erjmn",NA,NA,NA,1,NA,34,NA
"o284l","pzxei",NA,61.3888893127441,NA,2,NA,38,41
NA,"b9vxh",NA,2233.65405273438,NA,2,NA,44.3300018310547,NA
"otnre","iecn7",NA,NA,NA,1,NA,NA,42
NA,NA,NA,NA,NA,NA,NA,NA,NA
"ku5yo","hrd79",NA,NA,NA,1,NA,30,46
NA,"fmlt8",NA,NA,NA,2,NA,NA,NA
"kz2g3","ye577",NA,NA,NA,1,NA,33,41
"eiv7x","wbvhf",NA,NA,NA,2,NA,16.5,19.2999992370605
NA,NA,NA,NA,NA,2,NA,NA,NA
"gg2jx","oh3sx",NA,NA,NA,1,NA,NA,NA
"xyf3r","ik6si",NA,NA,NA,2,NA,35,36
"vc7kn","nt1nz",NA,4137.11083984375,NA,2,NA,32,46
"q0d3k","bpvps",NA,NA,NA,1,NA,66,43
NA,NA,NA,NA,NA,1,NA,NA,NA
"w29y8","d1hcd",NA,NA,NA,1,NA,60,51
"ks0ic","a5bxr",NA,NA,NA,2,NA,74,68
NA,NA,NA,NA,NA,NA,NA,NA,NA
"m1hr1","b9vxh",NA,2233.65405273438,NA,2,NA,44.3300018310547,46
"v84tz","ak0mn",NA,NA,NA,2,NA,42,47
"wiwje","vhe99",NA,833.278686523438,NA,2,NA,66,71
"fgshf","rq15a",NA,NA,990.088684082031,2,NA,31,32
"crglo","ugjlv",NA,NA,NA,1,NA,22,27.5
"s41gq","v67ej",NA,NA,NA,2,NA,34,49
NA,NA,NA,NA,NA,NA,NA,NA,NA
"mop1n","h5vfr",NA,NA,NA,1,NA,21,34
NA,"fd5pb",NA,1807.73425292969,NA,1,NA,58,NA
"arc3c","qmn6a",NA,722.73095703125,4324.80712890625,1,NA,21.5,23.5
NA,NA,NA,NA,NA,1,NA,NA,NA
"yelcr","nufgb",NA,NA,NA,2,NA,58,63
NA,NA,NA,NA,NA,2,NA,NA,NA
NA,NA,NA,NA,NA,NA,NA,NA,NA
NA,NA,NA,NA,NA,NA,NA,NA,NA
"dc668","ifxbn",NA,NA,NA,2,NA,37.5,32
NA,NA,NA,NA,NA,NA,NA,NA,NA
NA,NA,NA,NA,NA,NA,NA,NA,NA
"wm4e3","qiwlw",157.744964599609,2068.77661132812,742.187316894531,2,26,54,63
"tekry","llssn",4408.14501953125,NA,NA,1,37,61,68
"gf5oi","oq1g8",3012.837890625,NA,NA,1,59.5,87,NA
"aan8t","kgeze",NA,1636.31884765625,NA,2,NA,65,NA
"s7tsx","gwgmc",NA,NA,NA,2,NA,18,25
"un2am","lplfz",NA,2129.28271484375,4408.14501953125,2,NA,24,37
NA,"rq15a",NA,NA,NA,1,NA,31,NA
NA,"lp42b",NA,NA,NA,2,NA,25,NA
"csxsp","x25rv",NA,157.744964599609,NA,1,NA,26,33
"wlec5","p9d69",NA,NA,NA,1,NA,25,42
NA,NA,NA,NA,NA,1,NA,NA,NA
"l4048","rj01x",NA,NA,NA,1,NA,30.5,48
"tekry","us5tu",NA,NA,NA,1,NA,NA,68
NA,NA,NA,NA,NA,NA,NA,NA,NA
"b6qtj","vhe99",NA,833.278686523438,NA,2,NA,66,68
"torxr","ruike",NA,NA,NA,2,NA,19,23
"rjqc1","xj2wk",NA,1611.26574707031,2261.6064453125,1,NA,59,56
NA,NA,NA,NA,NA,2,NA,NA,NA
NA,"uwhyz",NA,NA,NA,1,NA,66,NA
NA,"mri2v",NA,NA,NA,2,NA,14,NA
"yfk7y","p30ez",NA,NA,NA,2,NA,61,NA
"l4048","rj01x",NA,NA,NA,2,NA,30.5,48
NA,NA,NA,NA,NA,2,NA,NA,NA
"wkqnr","nurj7",NA,NA,1430.69799804688,2,NA,41,33
"bhciu",NA,NA,NA,NA,2,NA,NA,NA
NA,NA,NA,NA,NA,2,NA,NA,NA
"oy686","jj2yn",NA,NA,NA,2,NA,19.5,22
NA,NA,NA,NA,NA,NA,NA,NA,NA
"b6qtj","vhe99",NA,833.278686523438,NA,2,NA,66,68
"bxt3q","rnpan",NA,NA,NA,2,NA,21,36
"uk5v6","l7e22",NA,NA,NA,2,NA,32,35
NA,NA,NA,NA,NA,1,NA,NA,NA
"jjdtc","fm4oy",NA,NA,2352.0107421875,2,NA,NA,76
"evjer","wcb7x",NA,NA,NA,2,NA,70,NA
"bxhhq","jy5qp",NA,NA,NA,2,NA,35,40.5
NA,NA,NA,NA,NA,NA,NA,NA,NA
NA,"ii1qm",NA,NA,NA,2,NA,NA,NA
NA,NA,NA,NA,NA,NA,NA,NA,NA
"etb8g","n3tbx",NA,NA,NA,2,NA,59,NA
"iaf0x","zzetw",NA,3161.51879882812,2981.56762695312,2,NA,44,48
NA,NA,NA,NA,NA,NA,NA,NA,NA
"cx2kq","q1dtv",NA,474.976654052734,NA,1,NA,17.0300006866455,18
"oy686","jj2yn",NA,NA,NA,2,NA,19.5,22
NA,NA,NA,NA,NA,NA,NA,NA,NA
"xbbuu","a4pbf",NA,NA,NA,2,NA,44,51
NA,"r98bl",NA,NA,NA,1,NA,11,NA
"b6qtj","vhe99",NA,833.278686523438,NA,1,NA,66,68
"arc3c","qmn6a",NA,722.73095703125,4324.80712890625,2,NA,21.5,23.5
"vc7kn","nt1nz",NA,4137.11083984375,NA,1,NA,32,46
"crglo","ugjlv",NA,NA,NA,2,NA,22,27.5
NA,NA,NA,NA,NA,NA,NA,NA,NA
NA,NA,NA,NA,NA,NA,NA,NA,NA
NA,NA,NA,NA,NA,2,NA,NA,NA
"ku5yo","hrd79",NA,NA,NA,2,NA,30,46
"e19do","izb7u",NA,NA,NA,1,NA,41,45
"wm4e3","tnh9r",NA,NA,742.187316894531,2,NA,64,63
NA,NA,NA,NA,NA,2,NA,NA,NA
"madgg","tpc3y",0,NA,NA,1,15,57,75
NA,NA,NA,NA,NA,NA,NA,NA,NA
NA,"dbw1z",NA,NA,NA,1,NA,50,NA
"o9oo5","tgbx9",NA,4231.89990234375,NA,1,NA,28.5599994659424,29
"nnu2w","jei53",NA,NA,NA,2,NA,NA,22.3500003814697
NA,"yj31r",NA,NA,NA,1,NA,18,NA
NA,"hdrb1",NA,NA,NA,1,NA,27,NA
"o9oo5","tgbx9",NA,4231.89990234375,NA,1,NA,28.5599994659424,29
"uf2oz","ogvt8",NA,NA,NA,1,NA,71,NA
"xbbuu","a4pbf",NA,NA,NA,2,NA,44,51
"ni94m","mmbnq",NA,NA,NA,1,NA,15,17
"dc668","ifxbn",NA,NA,NA,2,NA,37.5,32
"s41gq","v67ej",NA,NA,NA,1,NA,34,49
NA,"y8oqd",NA,NA,NA,2,NA,20,NA
NA,NA,NA,NA,NA,1,NA,NA,NA
"m95ta","n6gsz",NA,NA,NA,2,NA,59,66
NA,NA,NA,NA,NA,NA,NA,NA,NA
NA,"ut69g",NA,NA,NA,2,NA,20.3299999237061,NA
"aan8t","kgeze",NA,1636.31884765625,NA,2,NA,65,NA
NA,NA,1890.76525878906,NA,NA,NA,12,NA,NA
"kx4f4","mh29l",NA,4378.634765625,NA,2,NA,65,72
NA,"yz0dy",NA,697.843933105469,NA,1,NA,57,NA
NA,NA,NA,NA,NA,2,NA,NA,NA
NA,NA,NA,NA,NA,1,NA,NA,NA
"bhciu","erjmn",NA,NA,NA,2,NA,34,NA
"egrjp","z857z",NA,78.2818145751953,NA,1,NA,50,48.5
NA,NA,NA,NA,NA,2,NA,NA,NA
"madgg","tpc3y",NA,NA,NA,2,NA,57,75
"bm6wq","vvemo",NA,2296.67236328125,1470.46484375,2,NA,54,66
"xyf3r","ik6si",NA,NA,NA,1,NA,35,36
"un2am","lplfz",NA,2129.28271484375,4408.14501953125,1,NA,24,37
"q5h43","fm4oy",NA,NA,NA,2,NA,NA,68
NA,NA,NA,NA,NA,NA,NA,NA,NA
"pqbdh","nv9zo",NA,NA,NA,1,NA,67,76
NA,NA,NA,NA,NA,1,NA,NA,NA
"isbim","t4jeq",742.187316894531,NA,NA,1,63,86,NA
NA,NA,NA,NA,NA,NA,NA,NA,NA
"ami7o","ugd0l",NA,NA,NA,1,NA,24,34
"dvb3a","iax7l",NA,NA,NA,1,NA,47,56
NA,NA,NA,NA,NA,1,NA,NA,NA
NA,"m0qji",NA,NA,NA,1,NA,27,NA
NA,NA,NA,NA,NA,NA,NA,NA,NA
"cx2kq","q1dtv",NA,474.976654052734,NA,1,NA,17.0300006866455,18
"vc7kn","nt1nz",NA,4137.11083984375,NA,1,NA,32,46
NA,NA,1087.00891113281,NA,NA,NA,14,NA,NA
"arc3c","qmn6a",NA,722.73095703125,4324.80712890625,2,NA,21.5,23.5
"xuwsm","z0fx1",NA,369.50537109375,5289.39501953125,2,NA,21.5,28
NA,NA,NA,NA,NA,NA,NA,NA,NA
"he4si","z5n4h",NA,NA,NA,2,NA,40,84
"ynuzi","tgbx9",NA,4231.89990234375,409.446563720703,1,NA,28.5599994659424,28.5
"i0fra","p3mnx",4231.89990234375,NA,2754.9638671875,2,27.5599994659424,NA,61
NA,NA,NA,NA,NA,NA,NA,NA,NA
NA,NA,NA,NA,NA,2,NA,NA,NA
"aenht","zhzqy",NA,2481.63989257812,7886.14990234375,1,NA,49,56
NA,NA,NA,NA,NA,NA,NA,NA,NA
"yld2j","jxsdf",2233.65405273438,NA,NA,2,44.3300018310547,NA,NA
"xyf3r","ik6si",NA,NA,NA,1,NA,35,36
NA,NA,NA,NA,NA,NA,NA,NA,NA
"qw63x","ii1qm",4378.634765625,NA,NA,2,64,NA,NA
NA,"wf3wl",NA,NA,NA,2,NA,87,NA
"ls30o","yy205",NA,2971.93969726562,2406.7333984375,2,NA,20.5,38.2000007629395
NA,"krz6v",NA,NA,NA,1,NA,75,NA
"o9oo5","m3x5b",NA,NA,NA,1,NA,22,29
"xuwsm","z0fx1",0,369.50537109375,5289.39501953125,2,-0.819999992847443,21.5,28
NA,NA,NA,NA,NA,1,NA,NA,NA
NA,NA,1620.43237304688,NA,NA,NA,80,NA,NA
"jjdtc","bepky",NA,5488.13720703125,2352.0107421875,2,NA,57,76
"l4048","rj01x",NA,NA,NA,2,NA,30.5,48
"wcfgk","cz010",NA,2808.53588867188,4127.46533203125,2,NA,46,49
NA,NA,NA,NA,NA,NA,NA,NA,NA
"uf2oz","ogvt8",NA,NA,NA,1,NA,71,NA
"un2am","lplfz",0,2129.28271484375,4408.14501953125,2,4.82999992370605,24,37
NA,NA,NA,NA,NA,NA,NA,NA,NA
"o88r4","llkxf",NA,NA,NA,1,NA,71,56
NA,"to0ar",NA,NA,NA,1,NA,14,NA
"v84tz","ak0mn",NA,NA,NA,2,NA,42,47
"un2am","lplfz",NA,2129.28271484375,4408.14501953125,2,NA,24,37
"vc7kn","nt1nz",NA,4137.11083984375,NA,2,NA,32,46
"eiv7x","wbvhf",NA,NA,NA,2,NA,16.5,19.2999992370605
NA,"pdm6o",NA,NA,NA,2,NA,51,NA
"g9zkx","gs7nz",NA,NA,NA,2,NA,26,19.3500003814697
"arc3c","qmn6a",NA,722.73095703125,4324.80712890625,2,NA,21.5,23.5
"odemz","dbvvi",NA,NA,NA,1,NA,53,66
NA,NA,NA,NA,NA,1,NA,NA,NA
NA,NA,NA,NA,NA,1,NA,NA,NA
NA,NA,NA,NA,NA,NA,NA,NA,NA
NA,NA,NA,NA,NA,NA,NA,NA,NA
NA,NA,NA,NA,NA,1,NA,NA,NA
"xuwsm","z0fx1",NA,369.50537109375,5289.39501953125,2,NA,21.5,28
NA,NA,NA,NA,NA,1,NA,NA,NA
"aan8t","kgeze",NA,1636.31884765625,NA,2,NA,65,NA
NA,NA,NA,NA,NA,NA,NA,NA,NA
NA,NA,NA,NA,NA,2,NA,NA,NA
NA,NA,NA,NA,NA,2,NA,NA,NA
NA,NA,NA,NA,NA,2,NA,NA,NA
NA,NA,NA,NA,NA,NA,NA,NA,NA
NA,"a5cna",NA,NA,NA,1,NA,NA,NA
"epu2p","is7f0",NA,NA,NA,1,NA,16,17.5
"b4l5e","s9fgj",NA,NA,NA,1,NA,NA,55
NA,NA,NA,NA,NA,NA,NA,NA,NA
"xuwsm","z0fx1",NA,369.50537109375,5289.39501953125,2,NA,21.5,28
NA,NA,NA,NA,NA,2,NA,NA,NA
"imee6","d2ddc",NA,NA,NA,2,NA,63,70
NA,NA,NA,NA,NA,NA,NA,NA,NA
"idzrg","e0pgq",NA,NA,NA,1,NA,62,NA
"bxt3q","pq8nf",NA,4394.52685546875,NA,1,NA,26,36
NA,"q9sla",4053.10546875,NA,NA,1,50.75,76,NA
NA,NA,NA,NA,NA,2,NA,NA,NA
NA,NA,NA,NA,NA,NA,NA,NA,NA
NA,NA,NA,NA,NA,NA,NA,NA,NA
"pz5xe","v1rzm",664.677429199219,2434.17529296875,NA,2,12,47,NA
NA,NA,NA,NA,NA,2,NA,NA,NA
"yn61w","gn91f",NA,NA,NA,1,NA,63,62
NA,"wf3wl",1636.31884765625,NA,NA,2,65,87,NA
NA,"z5n4h",NA,NA,NA,1,NA,40,NA
NA,NA,NA,NA,NA,1,NA,NA,NA
NA,"pbe5y",NA,NA,NA,2,NA,34,NA
"bxhhq","jy5qp",NA,NA,NA,1,NA,35,40.5
NA,"rg01e",NA,NA,NA,2,NA,NA,NA
"aan8t","kgeze",NA,1636.31884765625,NA,2,NA,65,NA
"ct9e7",NA,NA,NA,NA,2,NA,NA,45
"ynuzi","tgbx9",NA,4231.89990234375,409.446563720703,2,NA,28.5599994659424,28.5
"fc5bg","lfevr",NA,NA,NA,2,NA,NA,NA
"tm63m","xcj17",NA,NA,NA,1,NA,56.5,66
"zi5la","ztkoj",NA,NA,NA,1,NA,70,68
NA,"tpc3y",NA,NA,NA,1,NA,57,NA
NA,NA,NA,NA,NA,1,NA,NA,NA
NA,NA,4823.505859375,NA,NA,NA,51.5,NA,NA
"arc3c","qmn6a",NA,722.73095703125,4324.80712890625,2,NA,21.5,23.5
"n7uqz","otats",NA,NA,NA,1,NA,33.5,45
"wiwje","vvemo",409.446563720703,2296.67236328125,NA,1,27.5,54,71
"kpi19","a0ah6",2434.17529296875,NA,NA,2,46,83,86
NA,NA,NA,NA,NA,2,NA,NA,NA
NA,NA,NA,NA,NA,2,NA,NA,NA
NA,"b3iw8",NA,NA,NA,1,NA,20,NA
"jt8pn","pdm6o",NA,NA,NA,2,NA,51,NA
"nc3w9","pkuih",NA,NA,NA,1,NA,34,4
NA,NA,NA,NA,NA,NA,NA,NA,NA
"o5dw9","lor44",NA,NA,NA,2,NA,42,42
NA,NA,NA,NA,NA,NA,NA,NA,NA
"y7018","pg57e",NA,1042.96643066406,NA,2,NA,37,49
NA,NA,NA,NA,NA,NA,NA,NA,NA
"ks0ic","hetk3",NA,NA,NA,2,NA,NA,68
"idzrg","oyc9i",1807.73425292969,NA,NA,2,58,NA,NA
NA,"d2ddc",NA,NA,NA,2,NA,63,NA
"n1oih","rgwlr",NA,NA,NA,2,NA,NA,44
"yiurd","bk2ju",NA,NA,NA,2,NA,40,53
"r9nni","rvmrf",NA,NA,NA,1,NA,40,NA
NA,"i8dnj",NA,NA,NA,1,NA,32.5,NA
"ucjcs","p1x4b",1425.49499511719,NA,4434.90478515625,1,11,36,36
"ixnih","z857z",NA,78.2818145751953,0,2,NA,50,56
"nzwor","pmvc0",2606.29223632812,NA,NA,1,24,66,NA
NA,"bjw1i",NA,NA,NA,2,NA,23,NA
"i5ae4","ukb39",NA,NA,NA,2,NA,26,NA
"wcfgk","pq8nf",NA,4394.52685546875,4127.46533203125,2,NA,26,49
"o88r4","itfqa",NA,NA,NA,2,NA,63,56
"jznfw","ldkvs",NA,NA,NA,1,NA,35,41
NA,NA,NA,NA,NA,2,NA,NA,NA
NA,NA,NA,NA,NA,NA,NA,NA,NA
"m8tph","ddwoq",NA,2706.81665039062,NA,2,NA,66,68
"aenht","zhzqy",NA,2481.63989257812,7886.14990234375,1,NA,49,56
NA,NA,NA,NA,NA,NA,NA,NA,NA
NA,"z5n4h",NA,NA,NA,1,NA,40,NA
"ier1i","drmg9",NA,NA,NA,2,NA,76,NA
"dvb3a","iax7l",NA,NA,NA,1,NA,47,56
NA,"pdm6o",NA,NA,NA,1,NA,51,NA
"hzpkn","pmeh6",NA,2677.84301757812,NA,2,NA,31.5,37
"isbim","t4jeq",NA,NA,NA,2,NA,86,NA
NA,NA,NA,NA,NA,2,NA,NA,NA
"odemz","y8cgb",NA,NA,NA,1,NA,37,66
NA,"xcj17",NA,NA,NA,1,NA,56.5,NA
"e19do","izb7u",NA,NA,NA,1,NA,41,45
"o88r4","itfqa",NA,NA,NA,2,NA,63,56
"n7uqz","pg57e",NA,1042.96643066406,NA,1,NA,37,45
NA,NA,NA,NA,NA,1,NA,NA,NA
"xbbuu","a4pbf",NA,NA,NA,2,NA,44,51
NA,"uoryk",NA,NA,NA,2,NA,14,NA
"pl0wd",NA,NA,NA,NA,2,NA,NA,29
"ku5yo","hrd79",NA,NA,NA,2,NA,30,46
"imee6","d2ddc",NA,NA,NA,2,NA,63,70
NA,"ogc8z",NA,NA,NA,2,NA,57.5,NA
NA,NA,NA,NA,NA,NA,NA,NA,NA
NA,"ugjlv",NA,NA,NA,2,NA,22,NA
NA,"lpoog",NA,NA,NA,1,NA,NA,NA
"bm6wq","vvemo",NA,2296.67236328125,1470.46484375,2,NA,54,66
NA,NA,NA,NA,NA,2,NA,NA,NA
"fgnlx","ik6si",NA,NA,NA,1,NA,35,25
NA,NA,NA,NA,NA,NA,NA,NA,NA
NA,"fqot8",0,1834.91943359375,NA,2,2.25,31.5,NA
NA,NA,4777.962890625,NA,NA,NA,65,NA,NA
"iaf0x","zzetw",NA,3161.51879882812,2981.56762695312,2,NA,44,48
"p0cma","tpc3y",NA,NA,NA,1,NA,57,65
NA,NA,67.1959457397461,NA,NA,NA,4,NA,NA
NA,"skuml",NA,NA,NA,1,NA,61,NA
NA,"ogc8z",NA,NA,NA,1,NA,57.5,NA
NA,NA,NA,NA,NA,1,NA,NA,NA
"y7018","pg57e",1045.68969726562,1042.96643066406,NA,1,12.5,37,49
"bus6f","a0kwx",NA,NA,NA,2,NA,12,22
NA,NA,NA,NA,NA,NA,NA,NA,NA
NA,NA,NA,NA,NA,2,NA,NA,NA
NA,NA,NA,NA,NA,1,NA,NA,NA
"g9zkx","gs7nz",NA,NA,NA,1,NA,26,19.3500003814697
NA,"yq8av",NA,NA,NA,2,NA,34,NA
NA,NA,NA,NA,NA,2,NA,NA,NA
"m95ta","n6gsz",NA,NA,NA,2,NA,59,66
NA,NA,NA,NA,NA,NA,NA,NA,NA
"agwpw","tr8fg",NA,NA,NA,2,NA,46,NA
"bqvop","yjh4b",NA,NA,NA,1,NA,54,61
"sytcn","j466d",NA,NA,NA,1,NA,52,41
NA,NA,NA,NA,NA,2,NA,NA,NA
"jynod",NA,NA,NA,NA,1,NA,NA,29
NA,"mn1gr",NA,NA,NA,1,NA,21,NA
"bm6wq","vvemo",NA,2296.67236328125,1470.46484375,2,NA,54,66
"idzrg","oyc9i",1611.26574707031,NA,NA,2,59,NA,NA
"kpi19",NA,NA,NA,NA,2,NA,NA,86
NA,NA,NA,NA,NA,2,NA,NA,NA
NA,NA,NA,NA,NA,2,NA,NA,NA
NA,"xcj17",NA,NA,NA,1,NA,56.5,NA
NA,NA,NA,NA,NA,NA,NA,NA,NA
"em53b",NA,NA,NA,NA,1,NA,NA,NA
"o9oo5","tgbx9",NA,4231.89990234375,NA,1,NA,28.5599994659424,29
NA,"w2fgm",NA,NA,NA,2,NA,41,NA
"q0d3k","bpvps",NA,NA,NA,1,NA,66,43
"g9zkx","gs7nz",NA,NA,NA,1,NA,26,19.3500003814697
"l4048","rj01x",NA,NA,NA,2,NA,30.5,48
"ami7o","ugd0l",NA,NA,NA,1,NA,24,34
"xyf3r","w2fgm",NA,NA,NA,2,NA,41,36
"o284l","zm9fd",NA,NA,NA,2,NA,19.1000003814697,41
"ami7o","ugd0l",NA,NA,NA,2,NA,24,34
NA,NA,4374.587890625,NA,NA,NA,21,NA,NA
"i5ae4","ukb39",NA,NA,NA,2,NA,26,NA
"asn4w","tv4ae",NA,NA,NA,2,NA,NA,NA
"e1j1e","wilbx",NA,NA,NA,2,NA,21.5,24
NA,NA,NA,NA,NA,NA,NA,NA,NA
"aewuf","gx46k",NA,NA,91.8478240966797,1,NA,16,16.3899993896484
NA,"bjw1i",NA,NA,NA,1,NA,23,NA
"na3u7","sdj7f",NA,NA,NA,2,NA,42.5,50
"un2am","lplfz",NA,2129.28271484375,4408.14501953125,1,NA,24,37
NA,"fd5pb",NA,1807.73425292969,NA,1,NA,58,NA
"madgg","tpc3y",NA,NA,NA,2,NA,57,75
NA,NA,NA,NA,NA,1,NA,NA,NA
NA,NA,NA,NA,NA,NA,NA,NA,NA
NA,"krz6v",NA,NA,NA,1,NA,75,NA
"hsga4","rvmrf",NA,NA,NA,1,NA,40,NA
"xuwsm","z0fx1",NA,369.50537109375,5289.39501953125,1,NA,21.5,28
"jjdtc","bepky",1296.52221679688,5488.13720703125,2352.0107421875,1,11.789999961853,57,76
"s41gq","v67ej",NA,NA,NA,1,NA,34,49
"xp3st","a4x4v",NA,NA,NA,2,NA,NA,NA
"b8jtt","gpl9x",NA,NA,3012.837890625,1,NA,64,60.5
"e1j1e","wilbx",NA,NA,NA,1,NA,21.5,24
"ixnih","z857z",NA,78.2818145751953,0,2,NA,50,56
NA,"a5cna",NA,NA,NA,1,NA,NA,NA
NA,NA,NA,NA,NA,1,NA,NA,NA
NA,NA,0,NA,NA,NA,2,NA,NA
"l4048","rj01x",NA,NA,NA,2,NA,30.5,48
"un2am","lplfz",NA,2129.28271484375,4408.14501953125,2,NA,24,37
NA,NA,NA,NA,NA,1,NA,NA,NA
NA,"bn7w0",NA,NA,NA,2,NA,47,NA
"wqve6","d5edk",NA,NA,NA,1,NA,NA,57.5
NA,"bpgl7",NA,NA,NA,1,NA,56,NA
"bm6wq","vvemo",369.50537109375,2296.67236328125,1470.46484375,2,20.5,54,66
"arc3c","qmn6a",NA,722.73095703125,4324.80712890625,2,NA,21.5,23.5
NA,NA,NA,NA,NA,1,NA,NA,NA
"kx4f4","mh29l",NA,4378.634765625,NA,2,NA,65,72
NA,NA,NA,NA,NA,2,NA,NA,NA
NA,NA,NA,NA,NA,NA,NA,NA,NA
"mop1n","h5vfr",NA,NA,NA,1,NA,21,34
NA,NA,NA,NA,NA,1,NA,NA,NA
NA,NA,NA,NA,NA,NA,NA,NA,NA
"kadhe","bsj18",NA,3193.01000976562,NA,1,NA,54,51
"wcfgk","pq8nf",NA,4394.52685546875,4127.46533203125,2,NA,26,49
NA,NA,NA,NA,NA,2,NA,NA,NA
"tekry","llssn",NA,NA,NA,1,NA,61,68
"ls30o","yy205",NA,2971.93969726562,2406.7333984375,2,NA,20.5,38.2000007629395
NA,"oyp2e",NA,1524.525390625,NA,1,NA,35,NA
"nyua3","oa30u",NA,1014.07855224609,1282.51550292969,1,NA,32,37
"l4048","rj01x",NA,NA,NA,1,NA,30.5,48
NA,"broa5",NA,NA,NA,1,NA,NA,NA
NA,"otats",NA,NA,NA,1,NA,33.5,NA
NA,NA,NA,NA,NA,NA,NA,NA,NA
NA,"r4s6p",NA,NA,NA,2,NA,NA,NA
NA,NA,NA,NA,NA,1,NA,NA,NA
"ks0ic","a5bxr",NA,NA,NA,2,NA,74,68
NA,"cczjo",NA,NA,NA,1,NA,NA,NA
"nnu2w","jei53",NA,NA,NA,2,NA,NA,22.3500003814697
"rc10x","a4x4v",NA,NA,NA,2,NA,NA,NA
"pz5xe","v1rzm",NA,2434.17529296875,NA,2,NA,47,NA
"ykdb5","ebdon",NA,NA,NA,2,NA,59,NA
"aenht","zhzqy",99.6818161010742,2481.63989257812,7886.14990234375,2,4.80000019073486,49,56
"otnre","cz010",NA,2808.53588867188,NA,NA,NA,46,42
NA,NA,NA,NA,NA,NA,NA,NA,NA
"vc7kn","nt1nz",NA,4137.11083984375,NA,2,NA,32,46
NA,NA,NA,NA,NA,2,NA,NA,NA
NA,NA,NA,NA,NA,2,NA,NA,NA
NA,"lmwut",NA,NA,NA,2,NA,35,NA
NA,NA,NA,NA,NA,NA,NA,NA,NA
NA,NA,NA,NA,NA,NA,NA,NA,NA
NA,NA,NA,NA,NA,NA,NA,NA,NA
"arc3c","qmn6a",NA,722.73095703125,4324.80712890625,2,NA,21.5,23.5
NA,NA,NA,NA,NA,NA,NA,NA,NA
"ls30o","yy205",NA,2971.93969726562,2406.7333984375,2,NA,20.5,38.2000007629395
NA,NA,NA,NA,NA,2,NA,NA,NA
"dc668","ifxbn",NA,NA,NA,1,NA,37.5,32
NA,NA,NA,NA,NA,NA,NA,NA,NA
NA,NA,NA,NA,NA,NA,NA,NA,NA
"o284l","pzxei",NA,61.3888893127441,NA,2,NA,38,41
"n7uqz","pg57e",NA,1042.96643066406,NA,1,NA,37,45
"egrjp","z857z",NA,78.2818145751953,NA,1,NA,50,48.5
NA,NA,NA,NA,NA,NA,NA,NA,NA
NA,NA,NA,NA,NA,NA,NA,NA,NA
NA,NA,NA,NA,NA,NA,NA,NA,NA
NA,NA,NA,NA,NA,NA,NA,NA,NA
NA,"ijl0v",NA,NA,NA,1,NA,NA,NA
"jml6w","wxfl3",1442.83947753906,NA,NA,2,38,69,59
"y0jlb","ak0mn",NA,NA,NA,1,NA,42,NA
"dtarc","qvp7r",NA,3079.54956054688,0,2,NA,23,23
"r9813","h8wk2",NA,NA,NA,1,NA,NA,76
"t8ozm","vi5b3",NA,NA,NA,1,NA,31,31
"m3kvw","v22jc",NA,1344.92224121094,4053.10546875,1,NA,44,51.75
NA,"gjy49",NA,NA,NA,2,NA,31,NA
NA,NA,NA,NA,NA,1,NA,NA,NA
"ea06n","k2fxt",2754.9638671875,NA,NA,1,61,NA,NA
"dtarc","qvp7r",NA,3079.54956054688,0,2,NA,23,23
"f5nd8","eetx5",NA,NA,NA,2,NA,NA,NA
NA,"r4s6p",NA,NA,NA,2,NA,NA,NA
NA,"bpgl7",NA,NA,NA,2,NA,56,NA
NA,NA,NA,NA,NA,NA,NA,NA,NA
"i0fra","p3mnx",NA,NA,2754.9638671875,2,NA,NA,61
NA,NA,NA,NA,NA,1,NA,NA,NA
"ynuzi","tgbx9",NA,4231.89990234375,409.446563720703,1,NA,28.5599994659424,28.5
NA,NA,NA,NA,NA,1,NA,NA,NA
NA,NA,NA,NA,NA,1,NA,NA,NA
"o284l","zm9fd",NA,NA,NA,2,NA,19.1000003814697,41
"ykdb5","ebdon",NA,NA,NA,1,NA,59,NA
"y8f3x","sl556",NA,NA,NA,2,NA,NA,38
"o88r4","llkxf",NA,NA,NA,1,NA,71,56
"q5h43","fm4oy",841.377319335938,NA,NA,1,37,NA,68
"wm4e3","tnh9r",NA,NA,742.187316894531,2,NA,64,63
"xuwsm","z0fx1",0,369.50537109375,5289.39501953125,1,2.16000008583069,21.5,28
"e19do","izb7u",NA,NA,NA,1,NA,41,45
NA,"sdj7f",NA,NA,NA,2,NA,42.5,NA
"g390t","bxyv1",0,2699.24951171875,843.028198242188,2,2.5,19,21
"xpo51","oenx4",3493.11254882812,3964.9541015625,31.766918182373,2,14.5,38,53
"un2am","lplfz",0,2129.28271484375,4408.14501953125,1,1.66999995708466,24,37
"f5nd8",NA,NA,NA,NA,2,NA,NA,NA
NA,NA,NA,NA,NA,NA,NA,NA,NA
NA,NA,NA,NA,NA,2,NA,NA,NA
"u1w8q","vdy56",NA,3242.33276367188,NA,2,NA,42,36
"vc7kn","nt1nz",0,4137.11083984375,NA,1,1,32,46
NA,NA,NA,NA,NA,NA,NA,NA,NA
NA,NA,NA,NA,NA,2,NA,NA,NA
NA,NA,NA,NA,NA,NA,NA,NA,NA
NA,"pbe5y",NA,NA,NA,1,NA,34,NA
"o284l","pzxei",NA,61.3888893127441,NA,1,NA,38,41
"khmhx","erjmn",NA,NA,NA,1,NA,34,36
NA,"wegrm",NA,NA,NA,2,NA,NA,NA
"bhciu","sdj7f",NA,NA,NA,1,NA,42.5,NA
NA,NA,335.940582275391,NA,NA,NA,6,NA,NA
"ykdb5","ebdon",NA,NA,NA,2,NA,59,NA
NA,"broa5",NA,NA,NA,1,NA,NA,NA
NA,"lpoog",NA,NA,NA,1,NA,NA,NA
NA,NA,0,NA,NA,NA,3,NA,NA
NA,NA,NA,NA,NA,NA,NA,NA,NA
NA,NA,3245.40966796875,NA,NA,NA,21.5,NA,NA
NA,NA,NA,NA,NA,NA,NA,NA,NA
NA,NA,NA,NA,NA,NA,NA,NA,NA
NA,NA,NA,NA,NA,NA,NA,NA,NA
"eb6yg","z6nna",NA,NA,NA,2,NA,64,78
NA,"otats",NA,NA,NA,1,NA,33.5,NA
"fc5bg","lfevr",NA,NA,NA,1,NA,NA,NA
NA,NA,NA,NA,NA,NA,NA,NA,NA
"un2am","lplfz",NA,2129.28271484375,4408.14501953125,1,NA,24,37
NA,NA,NA,NA,NA,2,NA,NA,NA
"isbim","t4jeq",2706.81665039062,NA,NA,2,66,86,NA
"bus6f","a0kwx",NA,NA,NA,1,NA,12,22
"vc7kn","nt1nz",NA,4137.11083984375,NA,2,NA,32,46
"l4048","rj01x",NA,NA,NA,1,NA,30.5,48
"wcfgk","zzetw",NA,3161.51879882812,4127.46533203125,2,NA,44,49
NA,NA,NA,NA,NA,2,NA,NA,NA
NA,NA,NA,NA,NA,NA,NA,NA,NA
"un2am","lplfz",NA,2129.28271484375,4408.14501953125,1,NA,24,37
"mmlbr","ri410",3571.26733398438,NA,NA,1,36,NA,68
"dvb3a","iax7l",NA,NA,NA,1,NA,47,56
"yiurd","bk2ju",NA,NA,NA,1,NA,40,53
"jt8pn","pdm6o",NA,NA,NA,2,NA,51,NA
NA,NA,NA,NA,NA,2,NA,NA,NA
NA,NA,NA,NA,NA,2,NA,NA,NA
NA,NA,NA,NA,NA,NA,NA,NA,NA
NA,NA,NA,NA,NA,1,NA,NA,NA
"kpi19","a0ah6",NA,NA,NA,2,NA,83,86
NA,NA,1239.3798828125,NA,NA,NA,17,NA,NA
"xpo51","oenx4",NA,3964.9541015625,31.766918182373,2,NA,38,53
"kx4f4","mh29l",NA,4378.634765625,NA,1,NA,65,72
"g9zkx","gs7nz",NA,NA,NA,1,NA,26,19.3500003814697
"uts70","tnh9r",NA,NA,NA,1,NA,64,66
"un2am","lplfz",NA,2129.28271484375,4408.14501953125,2,NA,24,37
"asn4w","tv4ae",NA,NA,NA,2,NA,NA,NA
"l4048","rj01x",NA,NA,NA,1,NA,30.5,48
"j9n1j","vb7yq",NA,NA,4565.9912109375,2,NA,41,57
NA,NA,NA,NA,NA,NA,NA,NA,NA
NA,NA,2631.17700195312,NA,NA,NA,76,NA,NA
NA,"dlcpj",NA,NA,NA,1,NA,35,NA
NA,NA,NA,NA,NA,2,NA,NA,NA
NA,"il1uy",NA,NA,NA,NA,NA,9,NA
"o284l","pzxei",NA,61.3888893127441,NA,2,NA,38,41
NA,"pdm6o",NA,NA,NA,2,NA,51,NA
"ykdb5","ebdon",NA,NA,NA,1,NA,59,NA
"oknn7","k9t8q",NA,4199.25732421875,3571.26733398438,1,NA,31,36
NA,NA,NA,NA,NA,NA,NA,NA,NA
NA,NA,NA,NA,NA,NA,NA,NA,NA
"wiwje","vvemo",NA,2296.67236328125,NA,1,NA,54,71
NA,NA,NA,NA,NA,2,NA,NA,NA
NA,"g1as5",NA,4171.05908203125,NA,1,NA,68,NA
"nnu2w","x86yw",NA,3493.11254882812,NA,1,NA,14.5,22.3500003814697
NA,NA,NA,NA,NA,1,NA,NA,NA
"uf2oz","ogvt8",NA,NA,NA,1,NA,71,NA
NA,"r45gx",NA,NA,NA,1,NA,50,NA
"jznfw","ldkvs",NA,NA,NA,2,NA,35,41
NA,NA,NA,NA,NA,NA,NA,NA,NA
NA,"lp42b",NA,NA,NA,1,NA,25,NA
NA,"ugjlv",NA,NA,NA,2,NA,22,NA
NA,NA,NA,NA,NA,NA,NA,NA,NA
NA,NA,NA,NA,NA,2,NA,NA,NA
"nzwor","pmvc0",2699.24951171875,NA,NA,2,19,66,NA
"jt8pn","pdm6o",NA,NA,NA,2,NA,51,NA
NA,"d3bjk",NA,NA,NA,2,NA,20,NA
"tm63m","xcj17",NA,NA,NA,1,NA,56.5,66
NA,"jd8a1",NA,NA,NA,2,NA,25,NA
"ykdb5","ebdon",NA,NA,NA,2,NA,59,NA
"p3f2z","uy9pq",NA,1459.77783203125,1113.31994628906,1,NA,26,28
NA,NA,NA,NA,NA,NA,NA,NA,NA
