"id","fid","mid","weight","weightf","weightm","sex","age","agem","agef"
"p65sa",NA,NA,NA,NA,NA,2,5,NA,NA
"bw1hz","t1yui","ov2pt",51.7999992370605,57.7000007629395,42.4000015258789,2,25.5,56,64
"k97p6","qmk6b","gaf6d",38.7999992370605,56.7000007629395,37,1,14,40,38
"ah9g8","oxe26","tj1v8",41,NA,43,2,29,60,NA
"tkspb",NA,"wb7nh",15,NA,44,2,6,34,NA
"z40th","kfs0n","u3dgy",49.0999984741211,56.9000015258789,45.7999992370605,2,27,51,55
"ddyw7",NA,"h96ai",57.7999992370605,NA,NA,2,21.5,NA,NA
"d7ava",NA,"h96ai",56.9000015258789,NA,NA,2,25,NA,NA
"hyfj0","ttidj","m3aaq",45.5999984741211,NA,35,2,40.5,75,NA
"cv07z",NA,"a5a5g",55.2000007629395,NA,NA,1,37,NA,NA
"uxj6x",NA,"xbduo",NA,NA,NA,2,24,53,NA
"ec9q4","q9s88","qdrgy",14,55.9000015258789,52.7999992370605,1,4.5,37,42
"wlj2v","jwc5c","hysjj",11,53,48,1,3.5,24,26
"xrzxm","speez","qhm6p",48.0999984741211,39.7000007629395,46,2,27,61,59
"e1dix","iyvkv","cbgcv",44,NA,47.5999984741211,2,52,71,NA
"btmrl","cakgx","cbgcv",42.4000015258789,NA,47.5999984741211,2,56,71,NA
"kjfcn","rvoo9","jysjd",54.2999992370605,NA,39,1,20.5400009155273,34,NA
"rcv6t","yqe7f","dy6ws",43.5,NA,NA,2,33.5,NA,NA
"w939n","ysya8","hmyv0",54,48,46,1,21.5,46,54
"g1y3w","qfzxe","hr1qq",63.0999984741211,NA,54.4000015258789,1,45,60,NA
"r4k33","z385k",NA,40.5999984741211,NA,NA,2,72,NA,NA
"fmj3o","d28l5","ejh61",43,NA,NA,2,76,NA,NA
"vrxca","fvt0z","u2n8m",54,47,NA,1,30.5,NA,77
"qbopr","l3dzx","l4r6t",NA,NA,NA,2,47,NA,NA
"vroba","tugj6","ou38n",17,54.2000007629395,38,1,7,40,41
"oyxsz",NA,NA,49,NA,NA,2,19,NA,NA
"wcvso","idytr","vc9al",45.2000007629395,46.5,40.5999984741211,2,37,72,81
"ygkz8",NA,"wknyg",17,NA,NA,1,6,NA,NA
"wrtao","kfs0n","imrwf",NA,56.9000015258789,33.4000015258789,2,6.78000020980835,34,55
"v730q","x7jtl","lrxxq",22.2999992370605,49,NA,1,7.5,NA,44
"ikxz1","mf1ex","yjhjf",48.0999984741211,NA,34,2,27.5,56,NA
"gt3lc",NA,NA,60.5,NA,NA,2,40,NA,NA
"nrrhr","rybra","z689b",20,48,45.5999984741211,2,9.75,40.5,58
"mp6xj","ox6il","d6icy",NA,61,45,2,0.5,31.5,33.5
"o0swc","idytr","vc9al",48,46.5,40.5999984741211,1,54,72,81
"dys5s",NA,NA,57.7000007629395,NA,NA,1,29,NA,NA
"vayf7","dqhms","xyb6y",NA,53.5999984741211,54.5,2,0.670000016689301,21.5,24.2999992370605
"wcset","bowdn","yylr7",45.5999984741211,59.7999992370605,49.7000007629395,1,17,63,68
"mzdy2",NA,NA,55.4000015258789,NA,NA,2,33.5,NA,NA
"icsft","fj0yz","kghbn",14.5,NA,NA,2,4,NA,NA
"a1245","a4z7g","uhugq",NA,52,37,1,1.5,39,47
"m2bhz",NA,NA,13.3000001907349,NA,NA,2,5,NA,NA
"x8rtn","h5k73","beca5",14,53,55.0999984741211,2,7,27.5,47.2000007629395
"sltgn","v0d8y","bq3j3",52,NA,39,1,31,69,NA
"jwhms",NA,"u8v0t",45.7999992370605,NA,NA,2,51,NA,NA
"s64gy","pa34o","x57vz",42,NA,NA,2,29,NA,NA
"sm0z4","zwf7o","j3ul6",31.7999992370605,61.4000015258789,44.2000007629395,2,11.8000001907349,55,62
"zg28j","muvwe","kn9e3",46,NA,NA,2,69,NA,NA
"qeix7","kfs0n","xe44s",54.0999984741211,56.9000015258789,53.7000007629395,1,31.5200004577637,54,55
"rsggf","kezlt","yx52i",61.4000015258789,NA,NA,1,62,NA,NA
"nmx8l","fobbb","d63f7",36.5999984741211,NA,NA,2,65,NA,NA
"ppdvg","f3z9i","hqs80",9.19999980926514,49.7999992370605,41.5999984741211,1,2,41,46
"hdzd0","zwf7o","j3ul6",22,61.4000015258789,44.2000007629395,1,9.5,55,62
"l5oj7",NA,NA,60.4000015258789,NA,NA,2,71,NA,NA
"no7mp","s96pu","imrwf",25.7000007629395,50.2000007629395,33.4000015258789,1,12.75,34,43
"ij3rf","zwf7o","j3ul6",57.7000007629395,61.4000015258789,44.2000007629395,1,30.5,55,62
"xb42q",NA,"gaf6d",29,NA,37,1,14,40,NA
"unsbr","gdbdo","fhhtb",7,64,51,1,0.579999983310699,20,24
"jjllw","d9ccr","dq5o2",47.5999984741211,NA,NA,1,71,NA,NA
"vmt8h","ptw7p","ujmtm",49,NA,42,2,48,72,NA
"i1zmx","pbqp1","qaf7b",19,63,55,1,7,35,37
"zdsu5","ysya8","hmyv0",31,48,46,1,13.75,46,54
"klvb8","bbz5w","jfoi9",47,NA,NA,2,26,NA,NA
"q99r1","kezlt","yx52i",43.0999984741211,NA,NA,2,63,NA,NA
"q3hc9","wtdr5","za0wc",16.7999992370605,55,38.4000015258789,2,6.38000011444092,27,35
"hofiw",NA,"xya1w",17,NA,NA,1,8,NA,NA
"n0dua","ea5cn","qc0oo",61,53,48,1,33.5,51,55
"z9qfc","nvmon","wubzr",48,NA,NA,2,51,NA,NA
"xxcpf",NA,NA,54.7999992370605,NA,NA,1,60,NA,NA
"wfaqb",NA,"xyv4c",10.8999996185303,NA,NA,2,4.5,NA,NA
"t124x",NA,"g1z7b",NA,NA,NA,2,20,62.5,NA
"olsng",NA,"li7mh",32.2000007629395,NA,NA,2,75,NA,NA
"hb51e","qmk6b","gaf6d",20,56.7000007629395,37,1,5,40,38
"z18oi","lfftc","xw34q",8,58,46,1,1,30,43
"k0ozg",NA,NA,65.9000015258789,NA,NA,1,29,NA,NA
"y7st6",NA,"c7xjg",50.7000007629395,NA,NA,2,59,NA,NA
"cjyfy","ywkqd","vgkp0",57,56.2999992370605,NA,1,32.5,NA,55
"eqncf","muvwe",NA,NA,NA,NA,2,80,NA,NA
"fodk9","idytr","vc9al",37,46.5,40.5999984741211,2,40,72,81
"n8mtu","a7s7y","prg41",55.5,52,NA,1,40,NA,74
"ckix8",NA,"jkglv",45,NA,NA,2,65,NA,NA
"sk1c4","wyfn0","jysjd",NA,46,39,2,0.75,34,42
"h9q47","hhuhn","onitx",30.7999992370605,51,52.9000015258789,2,12.5,55,54.5
"dpgn5","p26v4","d7f7x",14.1999998092651,47.7999992370605,55.5999984741211,1,4,22,29
"jjwyf",NA,"b3xwy",NA,NA,NA,1,20,NA,NA
"ujxs1","y2sty","uluhr",53,NA,40,1,39,80,NA
"y0wwj","yu0he","mz207",52,NA,NA,1,47,NA,NA
"i0p69","hify0","ne8a5",24.5,NA,49.0999984741211,1,11,40,NA
"fqzt7","ggpxi","nwuha",45.2000007629395,49.7999992370605,NA,1,22.5,NA,62.5
"rgpp1","po2le","ocn8u",10.1999998092651,56,36,1,3.5,43,56
"sfnc1","j1mtn",NA,72,NA,NA,1,34,NA,NA
"bp8yo",NA,"p6cks",25,NA,49.0999984741211,1,11,27,NA
"g06sy","xrqk6","eu9p8",46.9000015258789,43,42.5999984741211,1,22,46,62
"wbow9","d9ccr","dq5o2",47.2999992370605,NA,NA,2,50,NA,NA
"m5wqx","rjfo6","jqr5t",13.8000001907349,NA,54,2,5,35,NA
"i2qtj","xwq5s","wlbms",32,46,54.4000015258789,1,10,33,28.3500003814697
"taxzu",NA,"q5qdf",35,NA,NA,2,78,NA,NA
"k8r6n","ysya8","hmyv0",47,48,46,1,23.5,46,54
"qpmsh","v0d8y","yi0rj",44,NA,NA,1,17,NA,NA
"xets4","d3fdh","kffgo",24.6000003814697,NA,43.5,2,10,33.5,NA
"t95xa","aku6h","uk9c3",12.6000003814697,47,50,2,2,28.1000003814697,50
"dmw8j","tnae8","bpqho",39,47,NA,2,38.560001373291,NA,71
"hj08t","vvak7","cvno1",10,49,45,1,2.75,43,41.5
"vrn1e","k79n7","z9j4p",54.2000007629395,NA,NA,1,41,NA,NA
"vfkna",NA,"d047n",59.4000015258789,NA,38.7000007629395,1,35.5,66,NA
"yppep","p1wc4","zzfd0",42,NA,NA,2,72,NA,NA
"vfd6k",NA,NA,49.7999992370605,NA,NA,1,62.5,NA,NA
"zg4kd","bbz5w","beq3y",54.4000015258789,NA,NA,2,33,NA,NA
"cj8v3","lfftc","xw34q",13,58,46,1,3.25,30,43
"cgtjp","cyw4a","ja4wl",9,52,53,2,1.25,25,26.5
"jcih2","dbaiw","askb7",62.2000007629395,NA,44.7000007629395,1,20,50.3300018310547,NA
"y1rni","fvt0z","u2n8m",52,47,NA,1,46,NA,77
"jmkms","cyw4a","q986h",17,52,62,2,8,30.5,26.5
"ylyif",NA,NA,48,NA,NA,1,49,NA,NA
"ehwas",NA,NA,NA,NA,NA,1,65,NA,NA
"g5u3o","a4z7g","uhugq",19.8999996185303,52,37,2,8.82999992370605,39,47
"hbexl","xxjos",NA,52,66.5,NA,1,16,NA,32.5
"ie55p","p9sqb","yx8uq",52,NA,NA,1,55,NA,NA
"hsk5h","qsctc","gdu7r",16,NA,50,2,6,22,32
"unhj6","l8ycn","e7fj6",44.9000015258789,50.0999984741211,NA,2,38,NA,68
"h8qfq","f76kq","t7kvf",14,48,41,1,5,26.0300006866455,27
"xtla0","bbz5w","beq3y",42.4000015258789,NA,NA,2,38,NA,NA
"vyq4r","kxgpq","sxiby",47.7000007629395,NA,NA,1,68,NA,NA
"sbmdi",NA,"csdu0",39,NA,NA,2,69,NA,NA
"cc41z","ere30","qegw2",30,52,49,1,11.6700000762939,34,46
"xp1ay",NA,"zpj90",51.7999992370605,NA,40,2,42.5,72.5,NA
"y7sjf","py02x","gnwlg",58,NA,50,1,39,81,NA
"vrhit",NA,"gaf6d",23.7000007629395,NA,37,1,8,40,NA
"o8gwz",NA,"bkys1",32.5,NA,NA,2,14.5,31,NA
"z362h","wlpmf","mli0b",45.7999992370605,54.9000015258789,NA,2,43,NA,64
"agojl",NA,"k1qb5",NA,NA,NA,1,22,32.5,NA
"ke2gz","up89p","dm9ld",53.7000007629395,NA,41,2,54,75,NA
"mh8cg","tgk6r","u8v0t",56.9000015258789,NA,NA,1,55,NA,NA
"gdyhd","qpzoa","uwggs",66.5,NA,NA,1,32.5,NA,NA
"l0fk6","k8yi0","ri0wj",38.7000007629395,NA,NA,2,66,NA,NA
"nafw8","pg81n","u3dgy",53,52,45.7999992370605,2,25,51,55
"bk7lt","jn2vw","szmx3",46.9000015258789,NA,NA,2,64,NA,NA
"b3kr0","hhuhn","onitx",42.4000015258789,51,52.9000015258789,1,17,55,54.5
"h9brg","gctbt","b819o",14,51,44,1,5,24.5,31.3500003814697
"jd8oa","lhu5g","dlqd1",44.7000007629395,41,47,1,29,63,75
"khut3","qizki","o9cr0",48.5,NA,33.9000015258789,2,27,56,NA
"hi41y",NA,"yi0rj",52,NA,NA,1,29,NA,NA
"ujp0s","bbz5w","beq3y",50.2000007629395,NA,NA,1,43,NA,NA
"scvmx","xxjos","f6n72",NA,66.5,56,2,0.0199999995529652,31,32.5
"flgps","c1qwa","f9agb",14.6999998092651,NA,NA,1,5.5,NA,NA
"wwn8v","pndwx","yvtwq",51,NA,39,1,31.3500003814697,69,NA
"fvcmi","dqhms","xyb6y",14.1999998092651,53.5999984741211,54.5,2,5.25,21.5,24.2999992370605
"zesuy",NA,NA,NA,NA,NA,1,NA,NA,NA
"b5c80","cyw4a","ja4wl",11.8000001907349,52,53,1,2.5,25,26.5
"u18km",NA,NA,6,NA,NA,2,2,NA,NA
"z3wqn",NA,NA,55,NA,NA,1,54,NA,NA
"j8q7h",NA,"nt880",NA,NA,39,2,3,41,NA
"hjv09",NA,NA,58.9000015258789,NA,NA,1,36,NA,NA
"zcx59","m7ddo","yzn1i",NA,NA,NA,1,42,NA,NA
"x3vtp",NA,NA,56.5999984741211,NA,NA,1,62,NA,NA
"hi5r6","im7st","ejh61",46.5,NA,NA,1,81,NA,NA
"optz0",NA,NA,43.2000007629395,NA,NA,2,30,NA,NA
"e91ev","meptq","zr3ce",40.5999984741211,NA,43.0999984741211,2,39,66,NA
"eldov","idytr","gv4qy",33.4000015258789,46.5,36.5999984741211,2,34,65,81
"cle8b","j1mtn",NA,54.9000015258789,NA,NA,1,21,NA,NA
"h1okd","jsuka","tde3k",16.3999996185303,52.7000007629395,48.0999984741211,1,6.5,27.5,30
"xnlin",NA,"hlc5y",NA,NA,NA,1,5,20,NA
"kz14j","gf90z","ainge",62.0999984741211,NA,NA,1,66.5,NA,NA
"wavp9","ahugv","hr1qq",50.7000007629395,62.0999984741211,54.4000015258789,2,30,60,66.5
"q7z5i","bowdn","yylr7",52.2999992370605,59.7999992370605,49.7000007629395,1,40,63,68
"bu3vo",NA,"g1z7b",NA,NA,NA,2,37.5,62.5,NA
"d5wz5",NA,"mb1i7",17.2000007629395,NA,41,2,5.5,29,NA
"b63ud",NA,NA,NA,NA,NA,1,7,NA,NA
"wwq8l","pndwx","yvtwq",52,NA,39,1,25,69,NA
"jdplz","f3z9i","hqs80",35.2000007629395,49.7999992370605,41.5999984741211,2,17,41,46
"kjmwg","eo734","jje3l",45.5999984741211,NA,NA,2,21,NA,NA
"lsjmt","q7l4v","bxi1f",39,NA,NA,2,34,NA,NA
"pd38t","d9ccr","dq5o2",44.2000007629395,NA,NA,2,55,NA,NA
"kzhe9","jsuka","tde3k",16.2999992370605,52.7000007629395,48.0999984741211,1,5,27.5,30
"qxd2o","qcy9w","omq3f",57.7000007629395,NA,NA,1,64,NA,NA
"ji532","nv1z6",NA,43.0999984741211,NA,NA,2,66,NA,NA
"dpfui","kezlt","yx52i",51.4000015258789,NA,NA,2,54,NA,NA
"n7ltq","l3dzx","l4r6t",49.0999984741211,NA,NA,1,42,NA,NA
"f1pp2","tvv3g","grolk",55.0999984741211,46.5,45.9000015258789,2,27.5,49,57
"vp0f8",NA,"z00vl",58,NA,NA,1,43,NA,NA
"ffq6y","c46fx","huukx",44,NA,49,2,24.5,48,NA
"i5s1w",NA,NA,41.5,NA,NA,2,65,NA,NA
"l4wp2","fvt0z","tx3ru",44,47,NA,1,52,NA,77
"evciy",NA,"jyic6",46.2999992370605,NA,NA,2,28,NA,NA
"hhdmn",NA,"ayiqc",41,NA,NA,2,75,NA,NA
"idunr","wsd1b","ns0at",11,52,52,1,2.5,20,21.6800003051758
"xpb2m","mpz15","v3thv",52,NA,44.0999984741211,1,21.6800003051758,66,NA
"yvw5e",NA,NA,49.0999984741211,NA,NA,2,35,NA,NA
"nrv74",NA,"imrwf",12.1000003814697,NA,33.4000015258789,2,3.55999994277954,34,NA
"rhqbl",NA,"mb1i7",29,NA,41,1,10,29,NA
"h0tj6","ulj5b","uyvui",20,46,43,2,7.46999979019165,33,43
"m485a",NA,"ikc5l",NA,NA,44.2999992370605,2,0.0799999982118607,18,NA
"wex20",NA,NA,48.7999992370605,NA,NA,1,46,NA,NA
"bygp3","baagb","uhugq",32,NA,37,2,23,39,NA
"dlikv","aku6h","uk9c3",14,47,50,1,3,28.1000003814697,50
"ynzvb","r8kjk","eu9p8",44.7999992370605,52,42.5999984741211,2,26,46,74
"js5jh",NA,NA,16.2999992370605,NA,NA,2,7,NA,NA
"joy6n","nv1z6",NA,54.9000015258789,NA,NA,1,64,NA,NA
"x4gkm","buzbj","hcjnx",NA,57,NA,2,3.5,NA,57
"zq2k9",NA,"eycii",23,NA,NA,1,9,40,NA
"s031p",NA,NA,67,NA,NA,1,47,NA,NA
"t0plt","da2m5","njil3",13,57,39,2,7,38.560001373291,37.5
"dq2k9",NA,"oj2y4",47,NA,NA,2,41,NA,NA
"i1sii","f76kq","t7kvf",10,48,41,1,2,26.0300006866455,27
"r4rgr",NA,"zrnic",37,NA,NA,1,71,NA,NA
"r2ie3","p1wc4","zzfd0",47,NA,NA,1,71,NA,NA
"dz7e2","vysez","hmyv0",18.1000003814697,63.5,46,2,8,46,42
"iipmx",NA,"h96ai",58.2000007629395,NA,NA,1,25,NA,NA
"ioykk",NA,"lut4b",NA,NA,52.0999984741211,2,5,30,NA
"m7aho","ere30","qegw2",37,52,49,2,14.8299999237061,34,46
"n600n","zf9o9","qgz8u",38.4000015258789,NA,NA,1,61,NA,NA
"yr0fr",NA,NA,59.5999984741211,NA,NA,2,28,NA,NA
"wc1z1","oxe26","tj1v8",56,NA,43,2,31,60,NA
"l4wp2","fvt0z","tx3ru",44.2999992370605,47,NA,1,48,NA,77
"dud3s",NA,"z9j4p",43,NA,NA,1,53,NA,NA
"nmpu0","px494","aaxb7",15.3999996185303,NA,NA,1,5.5,NA,NA
"am5hv","jn2vw","szmx3",56.2999992370605,NA,NA,1,55,NA,NA
"j3gc3","o5l2n","j744c",16.1000003814697,57,59,2,6.5,46.5,41
"hsfjb","s629m","rwegr",64,NA,46,1,24,49,NA
"dhgvx","wpv0m","oqjue",51,49,NA,1,37.75,NA,65
"argd9",NA,NA,52,NA,NA,1,74,NA,NA
"v6npc","fa25g","aa77q",57,NA,NA,2,46,NA,NA
"f9lm7","snhpy","vhqg5",20,46.5999984741211,NA,2,8,NA,49
"k90xt",NA,NA,39.2000007629395,NA,NA,2,30,NA,NA
"tfnfl",NA,"tbcqd",NA,NA,50,2,4,39,NA
"lmrdb",NA,"f3ytb",14,NA,50.0999984741211,1,4,23,NA
"xutc6",NA,NA,70.6999969482422,NA,NA,2,42.5,NA,NA
"g1pzd",NA,"f3ytb",16,NA,50.0999984741211,2,9,23,NA
"kzhey","hify0","ne8a5",18.7000007629395,NA,49.0999984741211,2,7.5,40,NA
"bnwb4",NA,NA,59.7999992370605,NA,NA,1,33,NA,NA
"kp38a","bbz5w","beq3y",42,NA,NA,2,25,NA,NA
"dg1nz",NA,"szqld",NA,NA,NA,1,30,20,NA
"rjol6",NA,"srfuy",47.7999992370605,NA,NA,1,56,NA,NA
"qeo12","cakgx","cbgcv",54.9000015258789,NA,47.5999984741211,2,40,71,NA
"kguul",NA,"ne8a5",28.2000007629395,NA,49.0999984741211,1,8,40,NA
"jdqhy","hj1hk","t49p0",52.0999984741211,NA,NA,1,41,NA,NA
"vftph","gctbt","r9fbe",21,51,NA,2,11,NA,31.3500003814697
"kjgbm","c1qwa","usnnv",NA,NA,50.7999992370605,2,4,40,NA
"pmgdc","f3z9i","hqs80",31,49.7999992370605,41.5999984741211,1,15,41,46
"dvu82",NA,"p2bin",NA,NA,40.9000015258789,2,0.170000001788139,20.5100002288818,NA
"tidcy","hvi4d","fuv3v",48.2999992370605,NA,45,1,18,44,NA
"ugibs",NA,"jtjnb",58.5,NA,NA,1,18,NA,NA
"jysck","kfgcy","hnr8o",38,NA,46.9000015258789,2,44,64,NA
"pu4hi",NA,"ompdv",33.7000007629395,NA,57,1,13.1700000762939,46,NA
"z82al",NA,NA,NA,NA,NA,2,55,NA,NA
"l2wn8","idytr","gv4qy",44.5999984741211,46.5,36.5999984741211,2,30.25,65,81
"mdtyc",NA,"ithht",56,NA,NA,2,18.5,NA,NA
"jpbh8",NA,NA,37.2000007629395,NA,NA,2,70,NA,NA
"xgi3d",NA,"p2awk",48.2000007629395,NA,NA,2,67.5,NA,NA
"nzs52",NA,"usnnv",23.7000007629395,NA,50.7999992370605,2,8,40,NA
"r29tw","k8yi0","nq7p8",56,NA,NA,1,56,NA,NA
"b8i90","khri9","epwz5",49,NA,NA,1,52,NA,NA
"jerpp","pg81n","huukx",15.1000003814697,52,49,2,7,48,55
"rabqv","jaaft","hmyv0",9,56,46,1,2,46,54
"tf7x6","a4z7g","uhugq",14.1000003814697,52,37,1,5,39,47
"v3qyi","ysya8","zi61s",41.9000015258789,48,NA,2,24.1000003814697,NA,54
"upkwq","k8yi0","ri0wj",39.7000007629395,NA,NA,1,59,NA,NA
"ap72h","qot5w","u6sfb",6,52.0999984741211,42,2,0.579999983310699,20.5,22
"cbbn3",NA,NA,46,NA,NA,2,70,NA,NA
"cai8c",NA,NA,62.7000007629395,NA,NA,1,30,NA,NA
"cavus",NA,NA,24.2000007629395,NA,NA,1,9,NA,NA
"nr4o8","ztfn0","jt2cc",15.1000003814697,54.0999984741211,50.0999984741211,2,5.5,25.3299999237061,31.5200004577637
"ktazn",NA,NA,48.2000007629395,NA,NA,2,22,NA,NA
"fb4qp","f60ka","ocvbc",20.2000007629395,61.5999984741211,38.7999992370605,2,7,48,50
"fvmu1","clwrj","hydq4",NA,55.0999984741211,50.5,2,0.150000005960464,36.5,39
"wmhpv","tnae8","afc3k",44,47,NA,2,38,NA,71
"svovf","da2m5","njil3",27,57,39,1,11.3500003814697,38.560001373291,37.5
"y0g33","qcy9w","omq3f",44.7000007629395,NA,NA,2,50.3300018310547,NA,NA
"p101v",NA,NA,26.2999992370605,NA,NA,1,8.5,NA,NA
"mdyi9",NA,"w90ng",49,NA,45,1,39,65,NA
"ndxng",NA,"tj1v8",34.0999984741211,NA,43,2,19,60,NA
"j2fd4","iv9pi","k4mej",49.4000015258789,NA,39.7000007629395,1,39,62.5,NA
"rcwns","po2le","hidwv",56,56,54,2,34,42.5,56
"gve86","f60ka","pb5ok",51,61.5999984741211,NA,2,20,NA,50
"dvnl4",NA,"kobex",55.5999984741211,NA,NA,1,26,NA,NA
"abt37","lhu5g","dlqd1",52.7999992370605,41,47,2,37,63,75
"h3x79","hubwk","ptufm",13.3999996185303,56.7000007629395,40,2,4,31,31
"w62ud","al4ah","sd299",47.7999992370605,47.5999984741211,NA,1,29,NA,71
"gif5y",NA,"s16tm",NA,NA,60.2000007629395,1,4,27,NA
"l4qjw","r9hbb","kcug2",43.7000007629395,58.2999992370605,NA,2,19,40,41
"lktek",NA,NA,49,NA,NA,1,70,NA,NA
"l8q0e","o5l2n","j744c",28.3999996185303,57,59,1,9,46.5,41
"khrse","u4rj0","mwjzc",50,NA,43.0999984741211,1,48,63,NA
"bm8z0","x3n3o","rwegr",21,NA,46,1,9,49,NA
"yi7c4","jsuka",NA,41,52.7000007629395,NA,2,31,NA,30
"oidjl","i1lzq","a9uqs",14.1000003814697,NA,58.9000015258789,2,4.5,26,NA
"o2veo",NA,"g1z7b",55,NA,NA,1,34,62.5,NA
"qbr4k","ijg92","hm4sw",40.9000015258789,52.2000007629395,47.2999992370605,2,20.5100002288818,50,57.75
"xqkw9","uno3g","wf34d",12,54,47,2,4,26,30.5
"jxv3f","v0d8y","bq3j3",45.0999984741211,NA,39,2,26,69,NA
"fgyds",NA,NA,58.7000007629395,NA,NA,1,26,NA,NA
"qlki1","fa25g","uv5g1",57,NA,52.4000015258789,1,48,70,NA
"r253y",NA,NA,50,NA,NA,2,39,NA,NA
"rbqld","po2le","ocn8u",50.7000007629395,56,36,1,21,43,56
"f323y","lhu5g","dlqd1",40,41,47,2,31.5,63,75
"zt3fj","epwqy","yi0rj",38,NA,NA,2,40,NA,NA
"kax5x","rbnab","bjqq2",NA,60,51.7999992370605,2,2,25.5,31
"tq2ia",NA,NA,57.7000007629395,NA,NA,1,32,NA,NA
"p6wtg","p1gok","za0wc",25.5,58,38.4000015258789,2,10.5,27,31
"r6cq2","d3fdh","kffgo",72,NA,43.5,2,22,33.5,NA
"pg0gi",NA,NA,NA,NA,NA,2,40,NA,NA
"hh8de","idytr","gv4qy",46,46.5,36.5999984741211,1,28.3500003814697,65,81
"olug6","x7jtl","a8l2f",14.3999996185303,49,34,2,5.5,31.5,44
"ung9p",NA,NA,61.5999984741211,NA,NA,1,50,NA,NA
"nktgp","rybra","hxoar",51.5,48,NA,1,26.2999992370605,NA,58
"k4hox",NA,NA,50.7999992370605,NA,NA,2,40,NA,NA
"gn5k3","rio9m","uhpr0",53.5,NA,NA,2,33,NA,NA
"ypz2l",NA,"weigt",29.3999996185303,NA,45,2,13,30,NA
"yuszg","idytr","mz207",33.9000015258789,46.5,NA,2,56,NA,81
"wg0qu","q7l4v","ctxpl",50.4000015258789,NA,37.5999984741211,1,36,69,NA
"igoqh","epwqy","yi0rj",41,NA,NA,2,16,NA,NA
"c5gbk","xrqk6","a5a5g",41.2000007629395,43,NA,2,45,NA,62
"sdywl","xrd3d","wblgn",52.4000015258789,NA,47,2,27.5,43,NA
"hvr6x","wm6tt",NA,58.7000007629395,60,NA,1,30,NA,50
"f625a","c1qwa","f9agb",57,NA,NA,1,25.2099990844727,NA,NA
"uz89x","y7ke0","njil3",43,58,39,2,20,38.560001373291,39
"p8n7f","mpz15","v3thv",53.9000015258789,NA,44.0999984741211,1,38,66,NA
"xej39","a2v32","cjxuh",50,37,NA,2,34,NA,71
"fdtkx","h28vz","q5qdf",35,NA,NA,2,75,NA,NA
"wts8j","rjfo6","wblgn",48.7000007629395,NA,47,1,18,43,NA
"cfla6","fp49p","nlfjx",49,NA,NA,2,51.5,NA,NA
"lmlop",NA,NA,55.2999992370605,NA,NA,1,57.5,NA,NA
"r1pbx","speez","qhm6p",36.4000015258789,39.7000007629395,46,2,16,61,59
"d6d50",NA,NA,39.7000007629395,NA,NA,2,62.5,NA,NA
"urqdn",NA,NA,54.7000007629395,NA,NA,1,60,NA,NA
"o7dsk",NA,"fgd04",35.5,NA,56,2,13.5,34,NA
"vjz3w","ere30","qegw2",22,52,49,2,10.5,34,46
"c3ke9","xrqk6","eu9p8",22,43,42.5999984741211,1,9,46,62
"duyge",NA,NA,42.9000015258789,NA,NA,2,30,NA,NA
"fn1l0","udui5","r2g49",53,46,55,1,17.9899997711182,42,56
"n8hgc","up89p","dm9ld",49,NA,41,2,34,75,NA
"qqe3b",NA,"hydq4",NA,NA,50.5,2,7.25,36.5,NA
"bdipu","wpv0m","hm4sw",52.7000007629395,49,47.2999992370605,1,30,50,65
"cxzsg",NA,NA,57.5,NA,NA,1,40,NA,NA
"d2e3a","tvv3g","grolk",54.5,46.5,45.9000015258789,2,21.5,49,57
"t01ah","x3n3o","rwegr",31,NA,46,1,10,49,NA
"qa1x2",NA,"wb7nh",19.6000003814697,NA,44,1,8,34,NA
"kmqxo","jt37z","outxc",28,NA,NA,1,13,26,NA
"sm0vk","zwf7o","j3ul6",60,61.4000015258789,44.2000007629395,1,31,55,62
"dbqaj","ox6il","d6icy",13,61,45,1,2.79999995231628,31.5,33.5
"ckyd1",NA,"wknyg",NA,NA,NA,1,18,NA,NA
"xiril","clwrj","hydq4",13.6999998092651,55.0999984741211,50.5,2,3.5,36.5,39
"c9uol","dbaiw","askb7",NA,NA,44.7000007629395,1,23,50.3300018310547,NA
"ssqy8",NA,NA,51.7000007629395,NA,NA,1,40,NA,NA
"vbonc",NA,"mc928",NA,NA,NA,2,20,55,NA
"gk3lc","lfftc","xw34q",21,58,46,2,9,30,43
"eogcp","k79n7","d047n",NA,NA,38.7000007629395,2,26,66,NA
"ifpu1",NA,"dxinc",48.5999984741211,NA,41.2000007629395,1,20,45,NA
"g4z4n","szjn2","ctxpl",39,47.7000007629395,37.5999984741211,2,47,69,68
"m967n",NA,NA,45.7000007629395,NA,NA,1,43,NA,NA
"tkvky","qzeop","eycii",47,50,NA,2,23,40,48
"dsmyo","d9ccr","dq5o2",54.4000015258789,NA,NA,2,60,NA,NA
"v6mcx","kfgcy","hnr8o",34,NA,46.9000015258789,2,31.5,64,NA
"w13pt","l3w7q","zff86",18.8999996185303,61,42.4000015258789,2,6,38,31
"mp6xj","ox6il","d6icy",14,61,45,2,5.5,31.5,33.5
"j80ug",NA,"ri0wj",42.7000007629395,NA,NA,1,53,NA,NA
"l2k1o","ztfn0","jt2cc",12.1999998092651,54.0999984741211,50.0999984741211,2,4,25.3299999237061,31.5200004577637
"l4qjw","r9hbb","mhrz3",44,58.2999992370605,54.9000015258789,2,23,40,41
"ur7fo","migrf","vucow",46,NA,NA,2,61,NA,NA
"c5rrl",NA,NA,NA,NA,NA,1,2,NA,NA
"z7rz2","clwrj","hydq4",NA,55.0999984741211,50.5,1,2,36.5,39
"bfo4s",NA,"rwegr",NA,NA,46,1,22,49,NA
"v8dmt","ptw7p","ujmtm",46,NA,42,1,56,72,NA
"hpd0r","cakgx","cbgcv",46.4000015258789,NA,47.5999984741211,2,25.3299999237061,71,NA
"m8116","uyvrl","wyhrw",4,47,41,2,0,30,42
"hgt0s","c8ha1","hzgx7",51,NA,45,2,26,64,NA
"rc3n5",NA,"hidwv",59.0999984741211,NA,54,1,27,42.5,NA
"ccsjp","ere30","qegw2",12,52,49,2,4,34,46
"ewkj0","fp49p","nlfjx",46,NA,NA,2,49,NA,NA
"tvoar","lhu5g","dlqd1",44.5,41,47,2,36,63,75
"l5ntp","gxpdf",NA,16.2999992370605,50.4000015258789,NA,1,4.5,NA,36
"yl3eh","v01tf","fuv3v",45,37,45,1,32,44,73
"jyri9","af079","lvjpd",62.2000007629395,NA,NA,2,40,NA,NA
"yjqm9","bbz5w",NA,46,NA,NA,2,33,NA,NA
"p4c0v","yu0he","a5a5g",43.2999992370605,NA,NA,2,34.25,NA,NA
"xvc3n","wsd1b","w5fp4",13,52,47,2,5.25,23.5,21.6800003051758
"y2e2v",NA,NA,49.7000007629395,NA,NA,1,54,NA,NA
"ipt3o","bowdn","yylr7",58.9000015258789,59.7999992370605,49.7000007629395,2,26,63,68
"dzypf",NA,"ew92s",51,NA,NA,1,54.5,74,NA
"nvcx1","rybra","hxoar",50,48,NA,1,33,NA,58
"rjhfe","ntkh3","v9d4y",54,NA,NA,2,35,NA,NA
"wmjqe","ysya8","hmyv0",46,48,46,1,17,46,54
"wa54m","kfs0n","xe44s",49,56.9000015258789,53.7000007629395,2,40,54,55
"pptwg","gfe4t","xlxip",11.8999996185303,55,48,2,3.5,26,26.3899993896484
"qkgyf","migrf","vucow",50,NA,NA,1,41,NA,NA
"lpqmn",NA,NA,47.2999992370605,NA,NA,1,72,NA,NA
"wfaos","ere30","qegw2",18,52,49,1,7.36999988555908,34,46
"sorgi","cpapd","zw94x",51.9000015258789,NA,42.7999992370605,1,33,65,NA
"qrkju","f4mqa","vc9al",NA,NA,40.5999984741211,2,52,72,NA
"fv43i","th8z3","zyeil",29.8999996185303,29.8999996185303,41,1,9,43,9
"cv88m","f60ka","cx26s",49,61.5999984741211,NA,1,21,NA,50
"vtuy9",NA,NA,41.2999992370605,NA,NA,2,17,NA,NA
"otpdb","s96pu","ou38n",29.1000003814697,50.2000007629395,38,2,13,40,43
"x3nj3","q7l4v","bxi1f",50.5,NA,NA,2,36.5,NA,NA
"ho3pm","ywkqd","nzp0i",60,56.2999992370605,44,2,24.2999992370605,52,55
"a2c7h",NA,NA,55.5999984741211,NA,NA,1,22,NA,NA
"rm8u6",NA,"pigij",57.0999984741211,NA,37.2000007629395,1,32.5,70,NA
"h9w8o","pbqp1","qaf7b",20.3999996185303,63,55,1,7.65999984741211,35,37
"gw76i","udui5","r2g49",10,46,55,1,3.21000003814697,42,56
"mrw6e","gdbdo","fhhtb",12,64,51,1,5,20,24
"o3u54","htozb","h5g4v",52,44.2999992370605,NA,1,26.5,NA,48
"s34q7","hhuhn","onitx",50.5,51,52.9000015258789,2,26.3299999237061,55,54.5
"t0plt","da2m5","njil3",16,57,39,2,7,38.560001373291,37.5
"nav2o","tgk6r","u8v0t",53.2000007629395,NA,NA,1,50,NA,NA
"q3zsw",NA,"f6n72",16,NA,56,2,6,31,NA
"o7xz8","oqeex","w90ng",44.5999984741211,NA,45,2,36,65,NA
"nl3dm",NA,"xyv4c",16.3999996185303,NA,NA,1,8,NA,NA
"gq01r",NA,"rwegr",NA,NA,46,2,14,49,NA
"bd4v6","rybra","z689b",17,48,45.5999984741211,2,8.25,40.5,58
"csnfo","tvv3g","grolk",46.5,46.5,45.9000015258789,1,18,49,57
"u94bm","hj1hk","yx8uq",55.0999984741211,NA,NA,1,39,NA,NA
"h3wkx",NA,"zcztq",47.2999992370605,NA,NA,2,28,NA,NA
"au7jb","kezlt","yx52i",34,NA,NA,2,56,NA,NA
"b9ez0","duyda","nt880",53,57,39,2,23.5,41,48
"il0i2","pbqp1","qaf7b",18.3999996185303,63,55,1,5.75,35,37
"ljtl0","pndwx","yvtwq",53,NA,39,1,26,69,NA
"usvx5",NA,NA,NA,NA,NA,2,45,NA,NA
"s0rpu","qsctc","gdu7r",13,NA,50,1,2.79999995231628,22,32
"eq3xh",NA,"askb7",53.7000007629395,NA,44.7000007629395,2,16,50.3300018310547,NA
"hr68c","cakgx","cbgcv",56,NA,47.5999984741211,1,54,71,NA
"jeyn7",NA,NA,29,NA,NA,2,8,NA,NA
"wb6fi","rrr7x","cr9g7",NA,NA,32.2000007629395,2,47,75,NA
"p6l9a",NA,NA,64.5,NA,NA,1,51,NA,NA
"wivfe","xrd3d","z3wo6",58.4000015258789,NA,49,2,25,51.5,NA
"st42h",NA,"wb7nh",NA,NA,44,2,3.75,34,NA
"wxjzq",NA,"wknyg",46.5999984741211,NA,NA,2,17,NA,NA
"nwve2",NA,"ur1b3",9,NA,41,1,2,31,NA
"ghmc7","k8yi0","ri0wj",42.7999992370605,NA,NA,2,65,NA,NA
"otr7u","d9ccr","r6t9y",37.5999984741211,NA,NA,2,69,NA,NA
"q2unq","gxpdf","xf69v",19,50.4000015258789,45.2000007629395,1,7.5,37,36
"vqtid","lhu5g","dlqd1",48,41,47,2,34,63,75
"ksstg","po2le","ocn8u",9.69999980926514,56,36,2,2.5,43,56
"jfzst","zwf7o","j3ul6",64.3000030517578,61.4000015258789,44.2000007629395,1,27,55,62
"ajkil","jn2vw","szmx3",54,NA,NA,2,42.5,NA,NA
"ahyry",NA,"yojxo",27.7000007629395,NA,40.5999984741211,2,8.63000011444092,39,NA
"memhh","cakgx","cbgcv",45.9000015258789,NA,47.5999984741211,2,49,71,NA
"cdnkv","jc45z","hcjnx",66,NA,NA,1,30,NA,NA
"dzk1t","tx2k9","y403r",50,NA,NA,2,81,NA,NA
"dpgpk","khri9","dy6ws",49.5,NA,NA,1,41,NA,NA
"xvbug","m7ddo","uhi62",47,NA,NA,1,42,NA,NA
"ju6w5",NA,"mb7oa",12.1000003814697,NA,NA,1,3,NA,NA
"y4eax",NA,NA,45,NA,NA,2,20,NA,NA
"izan3","mf1ex","yjhjf",44.2999992370605,NA,34,2,18,56,NA
"f6hfi","v73ps","kffgo",15.5,NA,43.5,2,5,33.5,NA
"j7kn2",NA,NA,54.7000007629395,NA,NA,1,19.5,NA,NA
"djs2l","aly8q",NA,8.19999980926514,51.5,NA,2,2,NA,26.2999992370605
"eshhs","th8z3","zyeil",48.5999984741211,29.8999996185303,41,1,18,43,9
"hithq","cpapd","zw94x",56,NA,42.7999992370605,1,22.5,65,NA
"kqll2","po2le","ocn8u",23.7000007629395,56,36,1,9,43,56
"u9lsu","th8z3","zyeil",16.5,29.8999996185303,41,1,6,43,9
"tu05d","meptq","zr3ce",45.5,NA,43.0999984741211,1,24,66,NA
"m4ai7","xnoqj","os0n5",53,NA,NA,1,46.5999984741211,NA,NA
"rmtmk","rybra","z689b",11,48,45.5999984741211,1,6,40.5,58
"xnhqq","fobbb","d63f7",47,NA,NA,2,63,NA,NA
"u6ti5","ulj5b","uyvui",15,46,43,1,4.75,33,43
"ifx1i","szjn2","aoeuk",35.5,47.7000007629395,50.7000007629395,2,31,59,68
"k2isv",NA,NA,34,NA,NA,1,12,NA,NA
"epn1v","bbz5w","beq3y",34,NA,NA,2,48,NA,NA
"ttaq9","mf1ex","yjhjf",45,NA,34,2,30,56,NA
"k52nd",NA,"o9cr0",54.4000015258789,NA,33.9000015258789,1,24,56,NA
"fpk2y",NA,"mc928",NA,NA,NA,1,23,55,NA
"uzfl5",NA,"nt880",42,NA,39,2,26,41,NA
"juqxu","i56l6","szqld",NA,NA,NA,2,1,20,30
"jb76w",NA,"giu9v",27,NA,39,2,11,39,NA
"o6s9f","aopvi","ua0hc",55,NA,NA,2,35,NA,NA
"osh75","pbqp1","qaf7b",16,63,55,2,5.5,35,37
"ux10a","tvv3g","grolk",NA,46.5,45.9000015258789,1,17.5,49,57
"fbag8","aku6h","swta7",19.7999992370605,47,39,2,8.67000007629395,47,50
"iha6m","snhpy","vhqg5",15.6000003814697,46.5999984741211,NA,2,6,NA,49
"t79wb","c1qwa","usnnv",40,NA,50.7999992370605,1,14,40,NA
"ebazf","t1yui","ov2pt",23.2999992370605,57.7000007629395,42.4000015258789,1,10.5,56,64
"kx7pi","esmlv","zcztq",52.0999984741211,NA,NA,2,30,NA,NA
"xwlyk","idytr","gv4qy",41.5999984741211,46.5,36.5999984741211,2,41,65,81
"fg0yt","zwf7o","j3ul6",31.6000003814697,61.4000015258789,44.2000007629395,2,13.5,55,62
"d4ejg","rca4l","nq7p8",43,NA,NA,1,62,NA,NA
"fmjd5","q7l4v","bxi1f",63.5,NA,NA,1,42,NA,NA
"ahgt7","tnae8","bpqho",48,47,NA,1,58,NA,71
"cmzbu","c8ha1","hzgx7",58,NA,45,1,31,64,NA
"fbag8","aku6h","swta7",41,47,39,2,12.6700000762939,47,50
"ip8xh",NA,NA,35.7999992370605,NA,NA,2,14,NA,NA
"t8gtq",NA,NA,NA,NA,NA,2,62.5,NA,NA
"cc0ty","fl1i2","giu9v",7.40000009536743,42.7000007629395,39,1,1,39,53
"zs4zf","uc1di",NA,51.5999984741211,NA,NA,1,65,NA,NA
"mypgb","mf1ex","yjhjf",55.5999984741211,NA,34,2,22,56,NA
"o0c71","tyo5j",NA,54,56.5999984741211,NA,1,43,NA,62
"yu7cd",NA,NA,48.5999984741211,NA,NA,1,18,NA,NA
"b3kr0","hhuhn","onitx",46,51,52.9000015258789,1,21,55,54.5
"an01a",NA,"wdrq9",NA,NA,NA,2,12,37.5,NA
"dl7ay",NA,NA,58.5999984741211,NA,NA,1,30,NA,NA
"sc8yl","n2q7s","onitx",50,NA,52.9000015258789,2,28.1000003814697,55,NA
"zxwy8",NA,"f6n72",15.1999998092651,NA,56,2,5,31,NA
"f17ei","idytr","vc9al",60,46.5,40.5999984741211,1,46,72,81
"sc8br",NA,"beca5",NA,NA,55.0999984741211,1,5,27.5,NA
"p1m5x",NA,NA,NA,NA,NA,2,69,NA,NA
"jm53j","oeazl","odm68",48.4000015258789,NA,NA,1,41,NA,NA
"xj2ol","af079","lvjpd",66.6999969482422,NA,NA,1,50,NA,NA
"hyc6w","iv9pi","k4mej",46,NA,39.7000007629395,1,43,62.5,NA
"bs1v2","s629m","rwegr",60,NA,46,1,23,49,NA
"cdkaz",NA,"hwqon",57,NA,NA,1,57,NA,NA
"fodtb","idytr","vc9al",46,46.5,40.5999984741211,1,42,72,81
"zkcq5","qcy9w","omq3f",54.5999984741211,NA,NA,2,52,NA,NA
"kgv3y","xwq5s","wlbms",8,46,54.4000015258789,2,1.20000004768372,33,28.3500003814697
"n1fm1",NA,NA,45,NA,NA,1,15,NA,NA
"uydsy",NA,NA,58,NA,NA,1,60,NA,NA
"fehgt","t0dee","zbzqj",7,52,40,2,0.75,31.5,38
"uw0j6",NA,NA,18.7999992370605,NA,NA,1,7,NA,NA
"dgh9n",NA,"tbcqd",15.3999996185303,NA,50,1,5,39,NA
"jmd9a","jaaft","hidwv",59,56,54,1,19.5,42.5,54
"rzfbc","x7jtl","lrxxq",12.8000001907349,49,NA,2,5,NA,44
"thq5u","h5k73","beca5",4.5,53,55.0999984741211,2,0.166999995708466,27.5,47.2000007629395
"sj6ny",NA,"qnl9l",17.2000007629395,NA,NA,2,6.5,NA,NA
"nede3","xrd3d","wblgn",50.0999984741211,NA,47,2,23,43,NA
"chhdc","f3z9i","hqs80",42,49.7999992370605,41.5999984741211,1,20.5200004577637,41,46
"x9ms8","po2le","ocn8u",7,56,36,2,1.16999995708466,43,56
"uovus",NA,NA,50.0999984741211,NA,NA,1,68,NA,NA
"i0yvz","l8ycn","e7fj6",54,50.0999984741211,NA,1,34,NA,68
"txgx2","j34ex","dxinc",47,NA,41.2000007629395,2,31.5,45,NA
"dkw7l","ulj5b","uyvui",50,46,43,2,15.5,33,43
"scs3c","wpv0m","oqjue",57,49,NA,2,30.5,NA,65
"cfmrk",NA,"cz7y6",56,NA,NA,1,41,NA,NA
"dz6ui","ulj5b","uyvui",22.3999996185303,46,43,2,10,33,43
"prrzm",NA,"nv1ut",47,NA,41.2999992370605,1,30,55,NA
"gznxh","ggpxi","nwuha",50.7000007629395,49.7999992370605,NA,1,18,NA,62.5
"asgna","v01tf","fuv3v",46.2999992370605,37,45,2,28,44,73
"hrt23",NA,NA,51.5999984741211,NA,NA,2,26,NA,NA
"mq2i9",NA,NA,10.1000003814697,NA,NA,2,3,NA,NA
"dol8r","c46fx","sqrgi",59,NA,54.5999984741211,2,21,52,NA
"l8ew2","k8yi0","e6hnj",NA,NA,NA,NA,47,NA,NA
"eqf1g","hlquz","m28v5",35.7000007629395,NA,NA,2,71,NA,NA
"q1i1o",NA,NA,NA,NA,NA,2,23,NA,NA
"q2oa4",NA,NA,NA,NA,NA,1,38.5,NA,NA
"dv61m",NA,"ats4w",NA,NA,49.5,2,43,72,NA
"c6m35",NA,"xya1w",16,NA,NA,2,6,NA,NA
"w1l0e","l3w7q","zff86",30.6000003814697,61,42.4000015258789,1,12,38,31
"bl8oa","q75tu","ghbgk",44,NA,NA,2,29.5,NA,NA
"bz2gx","mf1ex","yjhjf",53.5999984741211,NA,34,1,24.2999992370605,56,NA
"xkfli",NA,"ithht",30,NA,NA,2,10,NA,NA
"fm3cw",NA,NA,41,NA,NA,2,43,NA,NA
"c7z1y","vjbhb","aodp2",41,NA,NA,1,75,NA,NA
"me249",NA,"shw78",NA,NA,50.5,2,1.75,26.3299999237061,NA
"y5yya",NA,NA,NA,NA,NA,1,4,NA,NA
"gejqf","h93vu","pchqo",47,NA,NA,1,77,NA,NA
"vkv14",NA,NA,49,NA,NA,1,41.5,NA,NA
"ll517",NA,NA,NA,NA,NA,2,23,NA,NA
"u99xu","ea5cn","qc0oo",52.0999984741211,53,48,1,22,51,55
"pknyl",NA,"u3s4z",48,NA,NA,2,71.5,NA,NA
"vw8ue","ic792","z5b5y",41,NA,NA,2,30,NA,NA
"oevs5","c8ha1","hzgx7",36.5,NA,45,2,28.7999992370605,64,NA
"r8etp","ox6il","d6icy",16,61,45,2,6.30000019073486,31.5,33.5
"fgsku","ahugv","jhoxn",54.5999984741211,62.0999984741211,NA,1,30,NA,66.5
"o77j1","f3vf8","bddtq",52.0999984741211,NA,NA,1,51,NA,NA
"ayear",NA,NA,NA,NA,NA,2,53,NA,NA
"bb928",NA,NA,50,NA,NA,2,48,NA,NA
"m8h70",NA,NA,45.2999992370605,NA,NA,2,21,NA,NA
"p1q3i","ojamn","vejtp",47,60.2000007629395,NA,2,23,NA,42
"yxsp9",NA,NA,55,NA,NA,1,34,NA,NA
"yymxx","y2sty","qgcli",44,NA,NA,2,34,69,NA
"x6e3q","ea5cn","qc0oo",50,53,48,2,22,51,55
"rcyul","buzbj","hcjnx",23,57,NA,2,9.5,NA,57
"cfrbx","jsuka","tde3k",NA,52.7000007629395,48.0999984741211,1,1.75,27.5,30
"zp5eo","xrqk6","eu9p8",48,43,42.5999984741211,1,27,46,62
"dgte1",NA,NA,15.6000003814697,NA,NA,1,7,NA,NA
"jef6f","xrqk6","eu9p8",38,43,42.5999984741211,2,21,46,62
"stqo7","t0dee","zbzqj",12,52,40,2,3.5,31.5,38
"l03s7","r9hbb","mhrz3",40,58.2999992370605,54.9000015258789,1,11.75,40,41
"qpmw0","fvt0z","u2n8m",43,47,NA,2,33,NA,77
"wjy5v","t5jgx","b76sk",44,NA,NA,1,35,NA,NA
"wk3iw",NA,NA,24.7999992370605,NA,NA,1,13,NA,NA
"mdmzy","cc07o",NA,56.7000007629395,NA,NA,1,38,NA,NA
"vjm3j","oqcsq","paydk",26.3999996185303,NA,NA,2,10,NA,NA
"isexr","rjfo6","jqr5t",22,NA,54,2,7,35,NA
"pzm0g","ff284","xe44s",55,53.2000007629395,53.7000007629395,NA,21.3500003814697,54,50
"ale8a","wdksa","ippfd",50.0999984741211,52.0999984741211,NA,2,25.3299999237061,NA,41
"lu58j","pucde",NA,53,NA,NA,1,66.5,NA,NA
"kd2bu","iyvkv","dlqd1",57,NA,47,1,37.5,63,NA
"s2dsb","lfftc","xw34q",15,58,46,2,5.5,30,43
"q2q7o",NA,NA,53.4000015258789,NA,NA,1,55,NA,NA
"uusw1","lskb4","wyhrw",13,49.4000015258789,41,2,4,30,39
"dneu8","n2q7s","onitx",63,NA,52.9000015258789,1,37,55,NA
"h9l3q","cfh8l",NA,51.4000015258789,NA,NA,1,62,NA,NA
"taaa5","tlucw","eycii",40.2000007629395,NA,NA,2,23,40,47
"nwgx2","z82xa","ohwu4",NA,NA,43.2999992370605,2,4,34.25,NA
"buei8","lfftc","fhhtb",21,58,51,2,9,20,43
"svqdd",NA,NA,56,NA,NA,1,24,NA,NA
"udpqn","up2tq","hxoar",49,NA,NA,1,65,NA,NA
"dh8ys",NA,"wb7nh",NA,NA,44,2,1.41999995708466,34,NA
"ix2tu",NA,NA,39.7000007629395,NA,NA,2,69,NA,NA
"wueev","c46fx","dlqd1",53,NA,47,1,37,63,NA
"awc1p","tvv3g","grolk",23.7999992370605,46.5,45.9000015258789,1,10.5200004577637,49,57
"m4p1m","f3z9i","hqs80",13.6999998092651,49.7999992370605,41.5999984741211,1,5,41,46
"kpb0f","ybcy4","li7mh",37,NA,NA,2,69,NA,NA
"xiujh","udui5","r2g49",13.5,46,55,1,5.11999988555908,42,56
"ryh9e","c6c40","pg1l7",15,44,35,2,6,35,35
"idzga","o5l2n","j744c",30.7999992370605,57,59,2,13.5,46.5,41
"ogxpu","tyo5j","bvjk4",34.5999984741211,56.5999984741211,NA,2,12.75,47,62
"kkbp9","k79n7","d047n",49.7999992370605,NA,38.7000007629395,1,46,66,NA
"ssyr0","ahugv","jhoxn",58.2999992370605,62.0999984741211,NA,1,40,NA,66.5
"qpesj",NA,NA,49.7000007629395,NA,NA,2,40,NA,NA
"sumhf",NA,"rk78r",46.4000015258789,NA,NA,1,58,NA,NA
"tf0hc",NA,"t49p0",50,NA,NA,1,45,NA,NA
"w1klh","xrd3d","wblgn",46,NA,47,2,30,43,NA
"ashal",NA,NA,24.8999996185303,NA,NA,2,7,NA,NA
"zaslp","ahugv","hr1qq",45.2999992370605,62.0999984741211,54.4000015258789,1,26.5,60,66.5
"uszwj","yu0he","mz207",39.7999992370605,NA,NA,2,31,NA,NA
"dthm2","py02x","gnwlg",53,NA,50,1,55,81,NA
"aok9w","ulj5b","uyvui",13,46,43,1,3,33,43
"bekkn",NA,NA,NA,NA,NA,1,15,NA,NA
"etwvt",NA,NA,44.0999984741211,NA,NA,2,66,NA,NA
"nlrl7","rhlx4","nzp0i",52,61,44,2,20,52,46
"ka3vm",NA,NA,44.7000007629395,NA,NA,1,28,NA,NA
"xdezd","v2h0p","srfuy",60.2000007629395,53.7999992370605,NA,1,42,NA,85
"kzu6h","qe57f","akoqu",41,54.2000007629395,47,2,23,41,40
"k0trt","yu0he","ctxpl",49.2000007629395,NA,37.5999984741211,1,46.5,69,NA
"btf4z","pa34o","x57vz",48.7999992370605,NA,NA,2,20.5,NA,NA
"opr5z","juqjk","dv1q0",55.4000015258789,NA,NA,1,25,NA,NA
"xjdvc",NA,NA,51.4000015258789,NA,NA,2,52.5,NA,NA
"nrmw6",NA,NA,52.2000007629395,NA,NA,1,45,NA,NA
"k02tx",NA,"yjhjf",50.0999984741211,NA,34,1,22,56,NA
"rv9w5","wyfn0","a5au1",22.8999996185303,46,35.5,1,9,31,42
"ne9y2","ttidj","m3aaq",46.5999984741211,NA,35,1,49,75,NA
"vtz35",NA,NA,45,NA,NA,2,42.5,NA,NA
"extpw","j6n8m","uthcs",29.5,NA,38,1,9,44,NA
"h8d0u",NA,NA,48.9000015258789,NA,NA,2,79,NA,NA
"v7il1",NA,"n5k3f",42.5999984741211,NA,NA,2,46,NA,NA
"tb4vj","ttidj","dwrwp",39.2999992370605,NA,NA,2,39,NA,NA
"ich4e","t0dee","zbzqj",20,52,40,2,6,31.5,38
"lfld7",NA,"dwrwp",44,NA,NA,1,34,NA,NA
"jf5au","speez","qhm6p",43.2999992370605,39.7000007629395,46,2,17,61,59
"oke4m","c46fx","sqrgi",55,NA,54.5999984741211,1,26.3899993896484,52,NA
"bjryc",NA,NA,60.5999984741211,NA,NA,1,35,NA,NA
"m1eah",NA,"ats4w",NA,NA,49.5,2,40,72,NA
"zfj1w",NA,"qgz8u",52.2000007629395,NA,NA,1,57.75,NA,NA
"gbt51","rbnab","bjqq2",11,60,51.7999992370605,2,4.5,25.5,31
"p6ttj",NA,NA,41,NA,NA,2,80,NA,NA
"sp2ka",NA,"b3xwy",NA,NA,NA,1,22,NA,NA
"gamjj",NA,NA,61.4000015258789,NA,NA,1,40,NA,NA
"apk1w",NA,"vejtp",40,NA,NA,1,15,NA,NA
"uvm2v","tyo5j",NA,55.9000015258789,56.5999984741211,NA,1,42,NA,62
"gjedb",NA,NA,56.4000015258789,NA,NA,1,55,NA,NA
"auhw7","rybra","z689b",42,48,45.5999984741211,1,23,40.5,58
"kceij","dsfcm","xvl8g",30,NA,NA,1,11,NA,NA
"sxc0r","x7jtl","a8l2f",21.8999996185303,49,34,1,10.5,31.5,44
"efpax","d9ccr","dq5o2",49.0999984741211,NA,NA,2,40,NA,NA
"salgk",NA,"qnl9l",37.5,NA,NA,1,17,NA,NA
"qwtib","po2le","ocn8u",14,56,36,1,5,43,56
"ue5ws","w7rww","uow54",26,50,42,2,10.8800001144409,29,33
"lx4ja","p26v4","d7f7x",NA,47.7999992370605,55.5999984741211,1,2,22,29
"bixdj","th8z3","zyeil",21.5,29.8999996185303,41,1,7,43,9
"q1f48",NA,"jxi2o",11.3999996185303,NA,39.2000007629395,2,5,30,NA
"wueev","c46fx","dlqd1",55,NA,47,1,35,63,NA
"cbwlr","wlpmf","jyic6",52,54.9000015258789,NA,1,38,NA,64
"kpx3e","y2sty","qgcli",39,NA,NA,2,39,69,NA
"qzxr3","a2v32","cjxuh",53.2000007629395,37,NA,2,18,NA,71
"jb244",NA,NA,17.3999996185303,NA,NA,2,6,NA,NA
"powk7","aku6h","uk9c3",7,47,50,2,0.579999983310699,28.1000003814697,50
"ilq83",NA,NA,NA,NA,NA,1,22,NA,NA
"rwg3s",NA,NA,58,NA,NA,1,33,NA,NA
"bjkyg","ox6il","d6icy",24,61,45,1,10.75,31.5,33.5
"fjm4p",NA,"wblgn",28.3999996185303,NA,47,1,9,43,NA
"o9ojr","wpv0m","oqjue",54,49,NA,1,28.6299991607666,NA,65
"ay8fz","esmlv","zcztq",43.5,NA,NA,2,20,NA,NA
"irvbp","fa25g",NA,45,NA,NA,2,43,NA,NA
"kebcr","ulj5b","uyvui",32,46,43,2,10,33,43
"letpv",NA,"ats4w",NA,NA,49.5,2,31,72,NA
"wmlmm","kfs0n","xe44s",50.4000015258789,56.9000015258789,53.7000007629395,1,22,54,55
"q15ao","bowdn","r40b5",57.2999992370605,59.7999992370605,44.5999984741211,1,21.5,36,68
"bbe2x","po2le","ocn8u",NA,56,36,2,1.5,43,56
"aklvw",NA,"ogln2",57,NA,41,1,41,80,NA
"srchc","wlpmf","mli0b",61,54.9000015258789,NA,1,46,NA,64
"rpwpn",NA,"g1z7b",NA,NA,NA,2,20,62.5,NA
"qy2cq",NA,NA,NA,NA,NA,2,50,NA,NA
"c5bmj",NA,NA,44.7000007629395,NA,NA,1,18,NA,NA
"ckayb","x3n3o","rwegr",NA,NA,46,1,7,49,NA
"vxom1","fa25g","uv5g1",43,NA,52.4000015258789,2,60,70,NA
"eoq20","xxjos","nt880",48,66.5,39,1,17,41,32.5
"f826w","v73ps","kffgo",42.2999992370605,NA,43.5,1,18,33.5,NA
"uq66e","jaaft","hmyv0",18,56,46,1,7,46,54
"g1qed","ir3sz","na25t",55,NA,NA,1,57,NA,NA
"g11sj","rca4l",NA,52,NA,NA,1,74,NA,NA
"y6fjk","ea5cn","qc0oo",20.2000007629395,53,48,2,13,51,55
"nfijx","hify0","ne8a5",NA,NA,49.0999984741211,1,3,40,NA
"hhg8k","jsuka","tde3k",16.8999996185303,52.7000007629395,48.0999984741211,2,6.5,27.5,30
"uxxhu","znbwz","r1f73",45,NA,NA,2,44,NA,NA
"v50hp","wyfn0","jysjd",38,46,39,2,19,34,42
"bz0ap","rybra","z689b",43,48,45.5999984741211,1,15.75,40.5,58
"h5a1i",NA,NA,47.0999984741211,NA,NA,1,60,NA,NA
"rzh4t","r8kjk","bxi1f",48.0999984741211,52,NA,2,37,NA,74
"x88hu","xh6qu","olc6j",47,NA,NA,1,50,NA,NA
"yy4sr","ox6il","d6icy",9,61,45,1,2,31.5,33.5
"rmlmq","rio9m",NA,49,NA,NA,1,41,NA,NA
"ki45c","al4ah","tx7f7",51.7999992370605,47.5999984741211,NA,1,30,43,71
"lk9b7","rbnab","x9uuf",10,60,44.5999984741211,1,3,30.25,31
"oxee9","tnae8","afc3k",35,47,NA,2,35,NA,71
"k6hzn","xwq5s","wlbms",9,46,54.4000015258789,2,3,33,28.3500003814697
"s0rpu","qsctc","gdu7r",NA,NA,50,1,0.800000011920929,22,32
"ivjap","rybra","z689b",9,48,45.5999984741211,2,3.5,40.5,58
"w1g2r","ysya8","hmyv0",41,48,46,2,26.0300006866455,46,54
"t8owb",NA,"r1f73",49.5,NA,NA,2,72,NA,NA
"hd7oi",NA,"ats4w",NA,NA,49.5,2,41,72,NA
"uq7j5",NA,NA,52.4000015258789,NA,NA,2,70,NA,NA
"nd6d5",NA,NA,16.7000007629395,NA,NA,2,5,NA,NA
"n3ht7","hubwk","ptufm",NA,56.7000007629395,40,2,5,31,31
"mjdwx","ulj5b","uyvui",38.2000007629395,46,43,2,13,33,43
"an7vz","li5zb","z3wo6",57,56.4000015258789,49,2,27,51.5,55
"sxx6n","baagb","jysjd",50.9000015258789,NA,39,1,17,34,NA
"pnmpp","jsuka","tde3k",NA,52.7000007629395,48.0999984741211,2,3.75,27.5,30
"r84cz",NA,"a9254",29.1000003814697,NA,51.5999984741211,2,14,26,NA
"x5lt6","qmk6b","gaf6d",42,56.7000007629395,37,2,20.5,40,38
"rh2uu",NA,NA,15.8000001907349,NA,NA,2,7.5,NA,NA
"t4wmg","ir3sz",NA,NA,NA,NA,2,32.5,NA,NA
"cckhc","iv9pi","zw94x",46,NA,42.7999992370605,2,46,65,NA
"jovz2","d34f0","mpe3p",49,NA,NA,1,44,NA,NA
"jp69i","buzbj","hcjnx",NA,57,NA,1,2.5,NA,57
"kw91d","aku6h","swta7",NA,47,39,2,3,47,50
"p2a2e","q9s88","qdrgy",NA,55.9000015258789,52.7999992370605,2,4,37,42
"vk6g5","fl1i2","giu9v",15,42.7000007629395,39,2,5,39,53
"vug9m","rrr7x","cr9g7",51,NA,32.2000007629395,2,43,75,NA
"oc4i0","rjfo6","jqr5t",37.0999984741211,NA,54,2,13,35,NA
"xbla9","w3j91",NA,15.3000001907349,66.6999969482422,NA,2,6.5,NA,50
"t476l","aku6h","uk9c3",15.5,47,50,2,4,28.1000003814697,50
"i4epz","gctbt","r9fbe",17,51,NA,2,7,NA,31.3500003814697
"gr6c5","t1yui","ov2pt",49.9000015258789,57.7000007629395,42.4000015258789,2,18,56,64
"jxqn1","uno3g","wf34d",16,54,47,1,7,26,30.5
"f6n6i",NA,"h96ai",73.4000015258789,NA,NA,1,32,NA,NA
"kv29c","aku6h","swta7",52,47,39,1,23.7999992370605,47,50
"i0xak","ywkqd","nzp0i",55.5999984741211,56.2999992370605,44,1,27,52,55
"itgf7",NA,"h96ai",54,NA,NA,1,34,NA,NA
"zr01i","qmk6b","t7kvf",20,56.7000007629395,41,1,9,26.0300006866455,38
"alfi4","pg81n","huukx",18.8999996185303,52,49,1,10.5,48,55
"mt2s7",NA,NA,53.7999992370605,NA,NA,1,85,NA,NA
"w6cqx","po2le","ocn8u",36,56,36,2,16.75,43,56
"ivo99",NA,"wdrq9",NA,NA,NA,1,18,37.5,NA
"tp20g",NA,"xbduo",53,NA,NA,2,28,53,NA
"h3x79","hubwk","ptufm",16,56.7000007629395,40,2,7,31,31
"xcdre","fl1i2","giu9v",23,42.7000007629395,39,2,12.3800001144409,39,53
"egqpe","py02x","uv5g1",51.9000015258789,NA,52.4000015258789,2,29.5,70,NA
"rxdqe",NA,"fn9y1",22.8999996185303,NA,NA,1,10,NA,NA
"kj41v",NA,NA,NA,NA,NA,1,32,NA,NA
"itkdv","q9s88","qdrgy",19.5,55.9000015258789,52.7999992370605,1,7,37,42
"d1q9p","xrd3d",NA,59,NA,NA,2,46.5,NA,NA
"g11sj","rca4l",NA,53,NA,NA,1,77,NA,NA
"wifiv","bmmsm",NA,54.4000015258789,NA,NA,1,55,NA,NA
"sz18w","ijg92","hm4sw",42,52.2000007629395,47.2999992370605,1,33,50,57.75
"ohh0y","fvt0z","u2n8m",45.9000015258789,47,NA,2,41,NA,77
"z1w4e",NA,NA,17.2000007629395,NA,NA,2,5,NA,NA
"n74po",NA,"ne8a5",50.9000015258789,NA,49.0999984741211,1,22,40,NA
"oh8io","ox6il","d6icy",21,61,45,2,10,31.5,33.5
"i45pl",NA,NA,41.2999992370605,NA,NA,2,55,NA,NA
"los18",NA,"ogln2",54,NA,41,1,51.5,80,NA
"bp7jt",NA,NA,43,NA,NA,2,59,NA,NA
"atk90","tvv3g","grolk",48,46.5,45.9000015258789,2,24,49,57
"hsk5h","qsctc","gdu7r",12.5,NA,50,2,4,22,32
"y9ecs",NA,NA,35.7000007629395,NA,NA,1,15,NA,NA
"kq357",NA,"w90ng",51,NA,45,1,41,65,NA
"ilmq1","rjfo6","jqr5t",8,NA,54,2,0.75,35,NA
"mx8jf","pbqp1","qaf7b",12,63,55,1,3,35,37
"irmb4","j6n8m","uthcs",16,NA,38,1,5,44,NA
"v71cp","udui5","r2g49",25,46,55,1,11,42,56
"chptf",NA,NA,NA,NA,NA,1,26,NA,NA
"wdsp3","h5k73","xf69v",34,53,45.2000007629395,2,25.5,37,47.2000007629395
"j6eup","clwrj","askb7",40.7999992370605,55.0999984741211,44.7000007629395,2,14,50.3300018310547,39
"t38m9",NA,NA,44.5,NA,NA,2,16,NA,NA
"bkvjy",NA,"wknyg",18.7000007629395,NA,NA,1,8,NA,NA
"bgmy4","pndwx","yvtwq",45,NA,39,2,31.5,69,NA
"cfyo6",NA,"z3wo6",26.6000003814697,NA,49,2,8,51.5,NA
"x5ayv","xrd3d","z3wo6",70,NA,49,1,23,51.5,NA
"rdhvo","tvv3g","grolk",57,46.5,45.9000015258789,1,33,49,57
"irv3z",NA,NA,38.7999992370605,NA,NA,2,48,NA,NA
"resy3","wm6tt","tbcqd",53.5999984741211,60,50,1,20,39,50
"vfmzf","ff284","n155c",56.7000007629395,53.2000007629395,NA,1,31,NA,50
"y8dxm","clu7o","r26qx",45,NA,NA,2,64,NA,NA
"zm6nv","tvv3g","grolk",17.2999992370605,46.5,45.9000015258789,2,6.5,49,57
"vasg9",NA,"wknyg",14.1999998092651,NA,NA,1,5,NA,NA
"dvxa5","da2m5","njil3",9,57,39,1,1.5,38.560001373291,37.5
"oj2dx",NA,NA,58.0999984741211,NA,NA,1,45,NA,NA
"e6884","r9hbb","ownfb",40,58.2999992370605,NA,2,15,NA,41
"wu18v",NA,NA,54.7000007629395,NA,NA,1,22.5,NA,NA
"ykp2n","ulj5b","uyvui",14.8999996185303,46,43,2,6.5,33,43
"eeyqr","szjn2","aoeuk",37,47.7000007629395,50.7000007629395,2,39,59,68
"umo8p","fobbb","d63f7",47.5999984741211,NA,NA,2,71,NA,NA
"e66gq","xwq5s","wlbms",15,46,54.4000015258789,1,5,33,28.3500003814697
"xp77e",NA,NA,51.2000007629395,NA,NA,1,41,NA,NA
"kgfo4","kezlt","ahrxo",59.7999992370605,NA,62.2000007629395,1,68,40,NA
"j7fu9","da2m5","njil3",31,57,39,1,14.75,38.560001373291,37.5
"lgeqi","epwqy","yi0rj",45.7999992370605,NA,NA,1,20,NA,NA
"h813g","iv9pi","zw94x",53,NA,42.7999992370605,1,47.2000007629395,65,NA
"zczwy","oxe26","tj1v8",39,NA,43,2,41,60,NA
"gjaf1",NA,"hidwv",58,NA,54,1,22,42.5,NA
"y6ozk",NA,NA,37,NA,NA,1,73,NA,NA
"mf1rz","af079",NA,55.0999984741211,NA,NA,2,30,NA,NA
"dliw4","kfs0n","u3dgy",36.0999984741211,56.9000015258789,45.7999992370605,2,15,51,55
"mbmmh","hlquz","iy120",NA,NA,NA,2,74,NA,NA
"e99xz",NA,"nq7p8",56,NA,NA,1,30,NA,NA
"nf2c2","iv9pi","k4mej",58.2999992370605,NA,39.7000007629395,1,41,62.5,NA
"vdejl",NA,NA,41,NA,NA,1,17,NA,NA
"kbjqm","udui5","r2g49",15,46,55,2,6,42,56
"ebpjy","w8syw","r6qud",60,58.7000007629395,NA,1,50,45,30
"odz3n",NA,"crrt2",40,NA,NA,2,72.5,NA,NA
"tlmhn",NA,"mb1i7",30,NA,41,1,12,29,NA
"w6vg5",NA,NA,NA,NA,NA,2,76,NA,NA
"r8etp","ox6il","d6icy",15,61,45,2,6.30000019073486,31.5,33.5
"fxaan","tvv3g","grolk",51.2999992370605,46.5,45.9000015258789,2,18.5,49,57
"uv6sm","dsfcm","xvl8g",29.2000007629395,NA,NA,1,9,NA,NA
"w09vp",NA,"a7qvt",NA,NA,72,2,0.75,22,NA
"nuoq7","bowdn","yylr7",61,59.7999992370605,49.7000007629395,1,31,63,68
"qy58x",NA,NA,46.4000015258789,NA,NA,2,70,NA,NA
"nmdvx",NA,NA,NA,NA,NA,1,NA,NA,NA
"k43wl","rybra","z689b",36,48,45.5999984741211,2,13,40.5,58
"x8z7w",NA,NA,60.9000015258789,NA,NA,1,47,NA,NA
"i4epz","gctbt","r9fbe",15,51,NA,2,7,NA,31.3500003814697
"jk8d7","xrqk6","eu9p8",47,43,42.5999984741211,1,20.5,46,62
"i4gtz","p26v4","d7f7x",11.6000003814697,47.7999992370605,55.5999984741211,1,3,22,29
"sa8cn","kezlt",NA,38.2000007629395,NA,NA,2,62,NA,NA
"k9det",NA,NA,56.7999992370605,NA,NA,1,26,NA,NA
"d3lh8","pndwx","yvtwq",52,NA,39,2,41,69,NA
"a9c66","d9ccr","r6t9y",46.5,NA,NA,1,57,NA,NA
"yccbg","jc45z","hcjnx",56,NA,NA,1,33,NA,NA
"au55f","up89p","dm9ld",55,NA,41,2,42,75,NA
"rrmc2","pucde","v9d4y",52,NA,NA,1,47,NA,NA
"jdjfr","l40no","pzszn",48,NA,NA,2,26,NA,NA
"jjd6s",NA,NA,39.2999992370605,NA,NA,2,16,NA,NA
"i4zcp","muvwe","kn9e3",52.9000015258789,NA,NA,2,55,NA,NA
"yfobu","c46fx","huukx",37.7999992370605,NA,49,2,23.5,48,NA
"a9fhl",NA,NA,17.2000007629395,NA,NA,2,8,NA,NA
"unof8","uwuft","mb1i7",10,55,41,2,2.75,29,34
"cndj0",NA,NA,NA,NA,NA,1,35,NA,NA
"l3kv2","dbaiw","askb7",51.7000007629395,NA,44.7000007629395,2,19,50.3300018310547,NA
"izd6r",NA,NA,49,NA,NA,1,59,NA,NA
"ldgoo","rbnab","bjqq2",16.7000007629395,60,51.7999992370605,2,7,25.5,31
"qis29","qxau6","yi0rj",54.2000007629395,NA,NA,1,40,NA,NA
"om8jz","q9s88","qdrgy",NA,55.9000015258789,52.7999992370605,2,0.119999997317791,37,42
"pqcid","bbz5w","beq3y",36,NA,NA,2,43,NA,NA
"cd1l1","jwc5c","hysjj",NA,53,48,2,2,24,26
"vz5a2",NA,"d047n",49.9000015258789,NA,38.7000007629395,1,42,66,NA
"vb1jz",NA,"nv1ut",60.0999984741211,NA,41.2999992370605,1,25.2000007629395,55,NA
"qsb31",NA,NA,42.9000015258789,NA,NA,2,22,NA,NA
"zdchq",NA,"p2awk",49.7000007629395,NA,NA,2,63,NA,NA
"rm84w","dbaiw","askb7",40,NA,44.7000007629395,2,31,50.3300018310547,NA
"s38ia","jt37z","z7n61",48,NA,45.9000015258789,1,20,41,NA
"cx8yb","hify0","ne8a5",14.8000001907349,NA,49.0999984741211,2,6.5,40,NA
"ql06s","rrr7x","cr9g7",44,NA,32.2000007629395,2,34,75,NA
"t9w65","idytr","gv4qy",45,46.5,36.5999984741211,1,21.7900009155273,65,81
"e1o4n","t5jgx","b76sk",38.4000015258789,NA,NA,2,27,NA,NA
"gmxbt","pg81n","u3dgy",62,52,45.7999992370605,2,30.5,51,55
"e3dea","t0dee","zbzqj",30,52,40,1,13.1599998474121,31.5,38
"vfzjk","speez","qhm6p",30,39.7000007629395,46,1,12,61,59
"h3xot","im7st","ejh61",39,NA,NA,2,69,NA,NA
"fxra2","udui5","r2g49",36,46,55,2,14.1700000762939,42,56
"aavjj","t0dee","zbzqj",22,52,40,2,10.1800003051758,31.5,38
"bbh52","xrd3d","z3wo6",60.2000007629395,NA,49,2,27,51.5,NA
"liaov","j6n8m","uthcs",52,NA,38,1,22,44,NA
"vug9m","rrr7x","cr9g7",47,NA,32.2000007629395,2,43,75,NA
"t0nyy","gfe4t","xlxip",13,55,48,1,2.75,26,26.3899993896484
"utfn9",NA,NA,55,NA,NA,1,34,NA,NA
"yifqj",NA,NA,40,NA,NA,2,80,NA,NA
"l6ncc","j6n8m","uthcs",47,NA,38,1,17,44,NA
