"id","male","age","partners","livestock","land","RS","fid","agef","partnersf","livestockf","landf","RSf","has_parent_by"
"h27ok",1,14,NA,NA,NA,NA,"qfdbf",79,0,20,45,23,FALSE
"vtd6s",1,55,2,30,17,12,"hrjso",93,2,70,150,25,FALSE
"g185a",0,53,NA,NA,NA,NA,"zwhg5",83,0,20,20,14,FALSE
"yt9va",0,29,NA,NA,NA,NA,"ovmsp",84,3,70,90,24,FALSE
"otv7f",1,92,3,75,100,29,NA,NA,NA,NA,NA,NA,TRUE
"d5v1h",1,34,NA,8,10,5,NA,NA,NA,NA,NA,NA,FALSE
"plsrx",1,44,NA,9,7,6,NA,NA,NA,NA,NA,NA,FALSE
"b3xmy",0,46,1,10,8,8,"qfdbf",79,0,20,45,23,FALSE
"c84cd",1,42,0,11,7,11,"l3mau",92,3,75,100,29,FALSE
"gnc6m",0,51,NA,6,2,5,"hrjso",93,2,70,150,25,FALSE
"nsebo",1,38,1,10,13,14,"dd17q",68,3,125,160,26,FALSE
"enama",1,61,1,15,17,21,"r6jmd",84,4,150,300,41,FALSE
"rqpzu",0,21,NA,NA,NA,NA,"osgzw",66,1,40,25,10,FALSE
"xl5cw",1,45,NA,9,3,10,"zwhg5",83,0,20,20,14,FALSE
"jhlq1",0,30,1,10,10,3,"ovmsp",84,3,70,90,24,FALSE
"va8mp",0,76,NA,8,4,4,NA,NA,NA,NA,NA,NA,TRUE
"aljju",1,58,2,45,52,14,NA,NA,NA,NA,NA,NA,TRUE
"r3lfn",1,35,NA,6,8,5,"osgzw",66,1,40,25,10,FALSE
"tqfab",1,93,2,70,150,25,NA,NA,NA,NA,NA,NA,TRUE
"hviql",0,35,NA,4,4,6,"dd17q",68,3,125,160,26,FALSE
"kbblt",1,46,NA,9,3,2,"zwhg5",83,0,20,20,14,FALSE
"gjuv0",1,45,2,12,4,8,NA,NA,NA,NA,NA,NA,FALSE
"mt2sd",0,53,NA,2,8,7,"d55cc",85,3,110,100,32,FALSE
"vyxke",1,38,NA,8,7,5,NA,NA,NA,NA,NA,NA,FALSE
"vt8xf",1,36,0,17,6,7,NA,NA,NA,NA,NA,NA,FALSE
"wkztt",0,43,NA,4,14,7,"qfdbf",79,0,20,45,23,FALSE
"h8vtx",1,48,1,45,40,14,NA,NA,NA,NA,NA,NA,FALSE
"lnxvs",1,54,NA,30,7,12,NA,NA,NA,NA,NA,NA,FALSE
"su1nr",1,46,1,6,5,8,"hvi12",87,2,60,45,21,FALSE
"z9ybr",0,33,NA,8,4,4,"ovmsp",84,3,70,90,24,FALSE
"jefrx",1,34,NA,2,4,4,"c7ouq",79,1,30,32,20,FALSE
"v8hew",0,74,0,5,7,9,NA,NA,NA,NA,NA,NA,FALSE
"ln3v7",0,71,NA,0,4,2,NA,NA,NA,NA,NA,NA,TRUE
"bdood",0,32,NA,8,6,3,"ydecv",75,3,100,50,17,FALSE
"w25pc",0,35,1,14,10,3,"mqo0i",90,2,110,160,31,FALSE
"nr17w",1,58,1,11,5,8,"hvi12",87,2,60,45,21,FALSE
"tvd3v",1,84,4,150,300,41,NA,NA,NA,NA,NA,NA,TRUE
"p5j8x",0,35,1,10,12,5,"ydecv",75,3,100,50,17,FALSE
"ttiho",1,47,NA,4,4,14,"c7ouq",79,1,30,32,20,FALSE
"v8ozh",0,39,NA,10,18,6,"eq2zq",73,0,10,15,11,FALSE
"i15e3",0,54,1,10,20,11,"imv14",76,1,45,20,9,FALSE
"d3b3c",1,50,2,30,17,7,"r6jmd",84,4,150,300,41,FALSE
"x526c",0,46,NA,12,20,8,"imv14",76,1,45,20,9,FALSE
"fj18u",1,41,NA,1,2,5,"lil7t",90,1,12,20,23,FALSE
"a734f",0,28,NA,NA,NA,NA,"d55cc",85,3,110,100,32,FALSE
"jpdou",0,46,1,14,12,7,"hrjso",93,2,70,150,25,FALSE
"z5i5x",0,81,NA,1,2,6,NA,NA,NA,NA,NA,NA,TRUE
"ubmec",1,50,NA,10,3,9,"zwhg5",83,0,20,20,14,FALSE
"a720f",1,48,2,65,11,13,"ydecv",75,3,100,50,17,FALSE
"d0f4b",1,11,NA,NA,NA,NA,"ovmsp",84,3,70,90,24,FALSE
"c7ijd",1,45,NA,1,2,8,"qfdbf",79,0,20,45,23,FALSE
"ru56f",1,35,NA,10,13,4,"dd17q",68,3,125,160,26,FALSE
"czgf1",1,36,NA,8,4,7,NA,NA,NA,NA,NA,NA,FALSE
"l49ak",0,54,NA,NA,NA,NA,"hrjso",93,2,70,150,25,FALSE
"rad9g",1,55,NA,10,10,9,NA,NA,NA,NA,NA,NA,FALSE
"c8u02",0,22,NA,NA,NA,NA,"jtahy",80,1,60,55,14,FALSE
"c8ezn",0,63,2,10,14,11,"hrjso",93,2,70,150,25,FALSE
"jf42l",1,44,NA,12,6,9,NA,NA,NA,NA,NA,NA,FALSE
"zunui",1,87,2,60,45,21,NA,NA,NA,NA,NA,NA,TRUE
"jr2bf",1,55,1,16,17,9,"r6jmd",84,4,150,300,41,FALSE
"cm2z7",1,40,1,9,5,3,"hvi12",87,2,60,45,21,FALSE
"v76kk",0,39,NA,NA,NA,NA,"jtahy",80,1,60,55,14,FALSE
"ehslx",0,32,NA,6,8,5,"osgzw",66,1,40,25,10,FALSE
"yq8jp",1,31,2,7,15,8,"uzsoe",85,0,55,70,21,FALSE
"a5kno",1,50,NA,10,4,6,"imv14",76,1,45,20,9,FALSE
"jmnd7",1,32,2,7,15,6,"uzsoe",85,0,55,70,21,FALSE
"hwdcg",1,38,NA,6,3,7,"jywkv",73,0,35,20,22,FALSE
"ea93p",1,31,NA,6,5,7,NA,NA,NA,NA,NA,NA,FALSE
"ms7io",1,44,NA,14,13,5,"dd17q",68,3,125,160,26,FALSE
"t1dsm",1,90,1,12,20,23,NA,NA,NA,NA,NA,NA,TRUE
"eve73",0,50,NA,NA,NA,NA,"l3mau",92,3,75,100,29,FALSE
"w5rvj",0,34,NA,10,4,5,"ydecv",75,3,100,50,17,FALSE
"mxspw",1,53,NA,14,5,9,"uzsoe",85,0,55,70,21,FALSE
"xkw4n",1,43,NA,9,5,6,NA,NA,NA,NA,NA,NA,FALSE
"znq7t",1,38,NA,2,5,10,"uzsoe",85,0,55,70,21,FALSE
"tpuo3",0,30,NA,20,24,2,"r6jmd",84,4,150,300,41,FALSE
"qgy9u",0,21,NA,NA,NA,NA,"ty83m",71,2,35,30,24,FALSE
"xypoz",0,32,NA,NA,NA,NA,"hrjso",93,2,70,150,25,FALSE
"uycg2",1,33,NA,10,13,8,"dd17q",68,3,125,160,26,FALSE
"izo8v",1,63,3,35,31,21,NA,NA,NA,NA,NA,NA,TRUE
"sg9gl",0,36,NA,8,12,6,"yv7q5",74,0,30,33,13,FALSE
"m6uim",1,55,2,35,7,9,"d55cc",85,3,110,100,32,FALSE
"slrc5",0,32,NA,12,6,3,"t8kq8",73,3,95,120,12,FALSE
"t3j0n",1,42,NA,5,6,8,NA,NA,NA,NA,NA,NA,FALSE
"o9xpy",1,33,NA,15,5,5,"d7m1d",72,0,25,10,6,FALSE
"oh1ts",0,68,NA,6,15,7,NA,NA,NA,NA,NA,NA,TRUE
"r268o",1,33,2,10,11,1,"ydecv",75,3,100,50,17,FALSE
"t0esz",0,27,NA,NA,NA,NA,"qfdbf",79,0,20,45,23,FALSE
"hypty",1,43,NA,3,2,4,"lil7t",90,1,12,20,23,FALSE
"wuo3c",1,45,0,11,10,7,"mqo0i",90,2,110,160,31,FALSE
"f3kii",0,28,NA,NA,NA,NA,"c7ouq",79,1,30,32,20,FALSE
"tmda7",1,54,2,13,7,3,"ovmsp",84,3,70,90,24,FALSE
"d37y7",0,15,NA,NA,NA,NA,"dd17q",68,3,125,160,26,FALSE
"o4rtb",1,56,0,9,17,9,"r6jmd",84,4,150,300,41,FALSE
"xp9px",1,52,2,17,6,6,"jtahy",80,1,60,55,14,FALSE
"owm9r",1,47,NA,2,10,5,"mqo0i",90,2,110,160,31,FALSE
"mztxo",0,53,0,14,16,9,"zwhg5",83,0,20,20,14,FALSE
"a8gng",1,44,NA,7,4,9,"nigg8",77,1,35,30,14,FALSE
"clg5m",0,70,3,10,10,7,NA,NA,NA,NA,NA,NA,TRUE
"x6fpf",0,31,NA,8,10,2,"hvi12",87,2,60,45,21,FALSE
"vjb8x",1,32,NA,1,3,6,"jywkv",73,0,35,20,22,FALSE
"epzx4",1,51,NA,7,4,8,"c7ouq",79,1,30,32,20,FALSE
"l4tf3",1,78,NA,60,70,31,NA,NA,NA,NA,NA,NA,FALSE
"g2ciy",1,17,NA,NA,NA,NA,"qfdbf",79,0,20,45,23,FALSE
"kbu3t",1,76,1,45,20,9,NA,NA,NA,NA,NA,NA,TRUE
"rl94k",1,36,1,5,2,5,"lil7t",90,1,12,20,23,FALSE
"jah8b",0,44,0,10,10,8,"eq2zq",73,0,10,15,11,FALSE
"azxuy",1,90,2,110,160,31,NA,NA,NA,NA,NA,NA,TRUE
"n844e",1,39,NA,12,15,6,"t8kq8",73,3,95,120,12,FALSE
"hu8k2",1,72,0,25,10,6,NA,NA,NA,NA,NA,NA,TRUE
"qxzqn",1,51,NA,11,10,7,"mqo0i",90,2,110,160,31,FALSE
"h4aus",0,42,1,12,10,4,"hvi12",87,2,60,45,21,FALSE
"gvfhk",1,21,NA,NA,NA,NA,"jywkv",73,0,35,20,22,FALSE
"t1z3t",0,42,NA,NA,NA,NA,"jywkv",73,0,35,20,22,FALSE
"xdtq5",1,41,NA,7,4,9,"c7ouq",79,1,30,32,20,FALSE
"fv9dr",1,63,NA,25,25,25,NA,NA,NA,NA,NA,NA,TRUE
"ndb6k",0,44,0,12,6,4,"lil7t",90,1,12,20,23,FALSE
"qp3h6",0,30,NA,4,4,2,"t8kq8",73,3,95,120,12,FALSE
"rc1oh",0,21,NA,NA,NA,NA,"qfdbf",79,0,20,45,23,FALSE
"dxbrx",1,39,NA,6,5,7,NA,NA,NA,NA,NA,NA,FALSE
"i29yz",0,21,NA,NA,NA,NA,"l3mau",92,3,75,100,29,FALSE
"pdcdh",0,73,NA,3,5,7,NA,NA,NA,NA,NA,NA,FALSE
"e1atg",0,46,1,8,8,9,"yv7q5",74,0,30,33,13,FALSE
"xw80t",1,40,NA,5,5,1,"uzsoe",85,0,55,70,21,FALSE
"o2agd",0,36,NA,6,4,6,"hvi12",87,2,60,45,21,FALSE
"aor5a",0,48,NA,5,5,8,NA,NA,NA,NA,NA,NA,FALSE
"mbqio",1,51,NA,5,6,9,"yv7q5",74,0,30,33,13,FALSE
"blntj",0,36,NA,8,8,4,"osgzw",66,1,40,25,10,FALSE
"zdv03",0,44,NA,10,8,8,"d55cc",85,3,110,100,32,FALSE
"rvxlz",1,59,NA,35,20,23,NA,NA,NA,NA,NA,NA,FALSE
"ku738",0,45,NA,8,14,8,"yv7q5",74,0,30,33,13,FALSE
"e2os7",1,58,NA,35,60,41,NA,NA,NA,NA,NA,NA,TRUE
"j5u1v",1,55,2,12,10,7,"mqo0i",90,2,110,160,31,FALSE
"aalt3",0,34,NA,14,10,5,"r6jmd",84,4,150,300,41,FALSE
"r8o36",1,41,2,10,11,8,"mqo0i",90,2,110,160,31,FALSE
"c65c9",0,58,1,14,10,6,"d55cc",85,3,110,100,32,FALSE
"sy9b8",0,75,NA,9,12,5,NA,NA,NA,NA,NA,NA,TRUE
"ix4w1",0,63,NA,NA,NA,NA,"hrjso",93,2,70,150,25,TRUE
"tn1ml",1,34,NA,9,11,4,"mqo0i",90,2,110,160,31,FALSE
"aofct",0,47,NA,12,6,2,"eq2zq",73,0,10,15,11,FALSE
"nzdr2",0,39,NA,6,8,4,"osgzw",66,1,40,25,10,FALSE
"es0vh",1,40,NA,7,7,6,"ovmsp",84,3,70,90,24,FALSE
"qc4j4",0,64,NA,5,18,8,NA,NA,NA,NA,NA,NA,TRUE
"mv4ko",1,31,1,17,17,4,"r6jmd",84,4,150,300,41,FALSE
"dh6pa",0,51,0,10,8,6,"hvi12",87,2,60,45,21,FALSE
"vbgg8",1,36,NA,6,8,7,"osgzw",66,1,40,25,10,FALSE
"zvh3x",1,54,NA,6,5,4,"hvi12",87,2,60,45,21,FALSE
"wif0y",1,77,1,35,30,14,NA,NA,NA,NA,NA,NA,TRUE
"ape98",0,45,1,10,14,8,"d7m1d",72,0,25,10,6,FALSE
"jziyc",0,39,NA,NA,NA,NA,"hrjso",93,2,70,150,25,FALSE
"wa76n",0,41,NA,4,4,5,"jywkv",73,0,35,20,22,FALSE
"pv1mz",0,40,NA,NA,NA,NA,"mqo0i",90,2,110,160,31,FALSE
"xcxto",1,32,NA,14,13,4,"dd17q",68,3,125,160,26,FALSE
"hi999",1,63,3,90,60,24,NA,NA,NA,NA,NA,NA,TRUE
"x9iwk",0,36,NA,14,8,4,"l3mau",92,3,75,100,29,FALSE
"k748u",0,39,NA,4,5,5,"uzsoe",85,0,55,70,21,FALSE
"c8tnu",1,41,NA,14,15,7,"t8kq8",73,3,95,120,12,FALSE
"qleaz",1,40,NA,7,6,8,"yv7q5",74,0,30,33,13,FALSE
"t2tz5",0,41,0,6,8,4,"dd17q",68,3,125,160,26,FALSE
"ic84x",0,39,NA,NA,NA,NA,"hvi12",87,2,60,44,21,FALSE
"giffd",1,45,NA,7,7,4,NA,NA,NA,NA,NA,NA,FALSE
"gtdu0",1,42,NA,4,5,6,NA,NA,NA,NA,NA,NA,FALSE
"hr7jn",0,36,0,10,4,5,"uzsoe",85,0,55,70,21,FALSE
"br59d",1,34,NA,15,11,3,"ydecv",75,3,100,50,17,FALSE
"klc33",0,21,NA,NA,NA,NA,"r6jmd",84,4,150,300,41,FALSE
"cz19t",1,37,NA,3,3,5,"ty83m",71,2,35,30,24,FALSE
"yhhsk",0,30,NA,2,4,3,"mqo0i",90,2,110,160,31,FALSE
"h00h0",0,27,NA,NA,NA,NA,"mqo0i",90,2,110,160,31,FALSE
"nar4w",1,36,NA,5,4,6,NA,NA,NA,NA,NA,NA,FALSE
"nykaz",0,43,NA,11,7,7,NA,NA,NA,NA,NA,NA,FALSE
"qlwy3",0,35,NA,NA,NA,NA,"imv14",76,1,45,20,9,FALSE
"qvy8t",0,77,NA,4,6,7,NA,NA,NA,NA,NA,NA,TRUE
"hnzi3",0,44,NA,6,13,10,NA,NA,NA,NA,NA,NA,FALSE
"ptkml",0,33,NA,4,10,5,"jywkv",73,0,35,20,22,FALSE
"g60ig",1,73,3,95,120,12,NA,NA,NA,NA,NA,NA,TRUE
"eeoxa",1,47,NA,2,6,7,NA,NA,NA,NA,NA,NA,FALSE
"e9w3i",0,40,NA,4,4,5,"d7m1d",72,0,25,10,6,FALSE
"rae1a",1,39,NA,3,3,2,"ty83m",71,2,35,30,24,FALSE
"rv5tv",1,61,NA,47,25,17,NA,NA,NA,NA,NA,NA,FALSE
"cd2wh",1,55,NA,11,15,5,NA,NA,NA,NA,NA,NA,FALSE
"bw9gt",1,40,0,6,4,6,"nigg8",77,1,35,30,14,FALSE
"cbrei",1,73,0,35,20,22,NA,NA,NA,NA,NA,NA,TRUE
"sbxkh",0,43,NA,4,6,9,"uzsoe",85,0,55,70,21,FALSE
"sadj8",0,20,NA,NA,NA,NA,"dd17q",68,3,125,160,26,FALSE
"ls3nm",0,35,NA,9,6,7,NA,NA,NA,NA,NA,NA,FALSE
"od65k",0,31,NA,14,24,7,"r6jmd",84,4,150,300,41,FALSE
"mwrrd",0,76,NA,7,13,2,NA,NA,NA,NA,NA,NA,TRUE
"c3w1k",0,37,NA,4,6,5,"yv7q5",74,0,30,33,13,FALSE
"e0898",1,35,NA,12,12,8,NA,NA,NA,NA,NA,NA,FALSE
"chpia",0,46,2,18,14,7,"l3mau",92,3,75,100,29,FALSE
"fg7bb",1,59,NA,14,15,5,"hrjso",93,2,70,150,25,FALSE
"bv88o",1,55,NA,10,3,5,"zwhg5",83,0,20,20,14,FALSE
"s8j6g",1,81,NA,50,62,26,NA,NA,NA,NA,NA,NA,FALSE
"dvc8p",0,36,2,10,20,8,"jywkv",73,0,35,20,22,FALSE
"lciaz",1,33,NA,12,15,7,NA,NA,NA,NA,NA,NA,FALSE
"rt6wy",0,36,NA,6,10,5,"qfdbf",79,0,20,45,23,FALSE
"da4tg",1,35,NA,12,15,5,"t8kq8",73,3,95,120,12,FALSE
"drek3",1,35,NA,4,5,7,"hvi12",87,2,60,45,21,FALSE
"qyax6",0,46,NA,6,8,6,"nigg8",77,1,35,30,14,FALSE
"qwyhm",0,31,2,14,16,2,"mqo0i",90,2,110,160,31,FALSE
"m2hio",0,37,NA,4,10,6,"nigg8",77,1,35,30,14,FALSE
"ou2zo",0,66,0,4,24,6,NA,NA,NA,NA,NA,NA,TRUE
"qw7if",0,43,NA,NA,NA,NA,"ydecv",75,3,100,50,17,FALSE
"zoj58",1,32,2,20,14,4,"ty83m",71,2,35,30,24,FALSE
"mc22l",1,42,NA,2,3,9,"pqe4n",78,1,45,20,16,FALSE
"oweq2",1,40,NA,15,13,3,"dd17q",68,3,125,160,26,FALSE
"ffnjb",1,63,2,54,40,21,NA,NA,NA,NA,NA,NA,TRUE
"gqijz",0,28,NA,NA,NA,NA,"c7ouq",79,1,30,32,20,FALSE
"nimu6",0,79,3,14,17,8,NA,NA,NA,NA,NA,NA,TRUE
"pgj7r",1,59,NA,1,2,4,"d55cc",85,3,110,100,32,FALSE
"asmb5",1,45,NA,15,7,7,"jtahy",80,1,60,55,14,FALSE
"ckz8r",1,33,NA,6,5,3,"pqe4n",78,1,45,20,16,FALSE
"hal1o",1,63,2,85,80,13,NA,NA,NA,NA,NA,NA,TRUE
"uwbfk",0,37,NA,6,18,7,"eq2zq",73,0,10,15,11,FALSE
"as2el",0,32,NA,NA,NA,NA,"hrjso",93,2,70,150,25,FALSE
"jmd6o",0,54,NA,4,25,4,NA,NA,NA,NA,NA,NA,FALSE
"eqbxd",1,32,NA,NA,NA,NA,"jywkv",73,0,35,20,22,FALSE
"drxp7",0,34,1,25,20,9,NA,NA,NA,NA,NA,NA,FALSE
"hltyj",0,35,NA,2,4,4,"qfdbf",79,0,20,45,23,FALSE
"ioj80",0,27,NA,NA,NA,NA,"ty83m",71,2,35,30,24,FALSE
"m7qoe",0,41,1,5,5,5,NA,NA,NA,NA,NA,NA,FALSE
"vhhhj",1,56,NA,17,16,5,"hrjso",93,2,70,150,25,FALSE
"xicae",0,33,NA,8,6,5,"jtahy",80,1,60,55,14,FALSE
"geh3j",1,73,0,10,15,11,NA,NA,NA,NA,NA,NA,TRUE
"fws3y",0,45,NA,NA,NA,NA,"hrjso",93,2,70,150,25,FALSE
"v054s",1,32,0,10,10,2,"osgzw",66,1,40,25,10,FALSE
"wr66v",0,37,1,24,16,8,"mqo0i",90,2,110,160,31,FALSE
"klbzd",1,48,2,30,13,11,"dd17q",68,3,125,160,26,FALSE
"xubre",1,39,1,10,15,6,NA,NA,NA,NA,NA,NA,FALSE
"bnj53",1,80,1,60,55,14,NA,NA,NA,NA,NA,NA,TRUE
"m69pr",0,53,1,20,16,9,"jtahy",80,1,60,55,14,FALSE
"p9qid",1,60,NA,55,45,10,NA,NA,NA,NA,NA,NA,TRUE
"ip2td",1,34,NA,4,7,4,"ovmsp",84,3,70,90,24,FALSE
"a6h2x",0,37,NA,11,5,3,NA,NA,NA,NA,NA,NA,FALSE
"l79nj",0,36,NA,6,6,4,"mqo0i",90,2,110,160,31,FALSE
"w0crt",1,47,NA,25,7,12,"d55cc",85,3,110,100,32,FALSE
"i27ca",1,34,NA,4,11,8,"mqo0i",90,2,110,160,31,FALSE
"b1joq",0,37,NA,NA,NA,NA,"c7ouq",79,1,30,32,20,FALSE
"edwic",1,67,1,20,14,13,"hrjso",93,2,70,150,25,FALSE
"dhjx4",1,33,NA,9,6,11,NA,NA,NA,NA,NA,NA,FALSE
"l3ydo",1,13,NA,NA,NA,NA,"dd17q",68,3,125,160,26,FALSE
"pckl7",1,33,NA,8,8,6,NA,NA,NA,NA,NA,NA,FALSE
"gcwzs",1,43,NA,12,7,6,NA,NA,NA,NA,NA,NA,FALSE
"iy8ll",0,51,1,16,26,9,"imv14",76,1,45,20,9,FALSE
"ben3e",0,31,NA,6,15,8,NA,NA,NA,NA,NA,NA,FALSE
"qsc8x",1,64,NA,46,40,3,"hrjso",93,2,70,150,25,FALSE
"kgffh",1,41,NA,18,11,11,"ydecv",75,3,100,50,17,FALSE
"oafq3",0,31,NA,24,20,4,"l3mau",92,3,75,100,29,FALSE
"dd3l3",1,38,NA,10,10,7,NA,NA,NA,NA,NA,NA,FALSE
"vs99v",1,60,NA,11,15,9,"hrjso",93,2,70,150,25,FALSE
"uacbv",1,33,NA,10,12,8,NA,NA,NA,NA,NA,NA,FALSE
"mqpdr",0,27,NA,NA,NA,NA,"eq2zq",73,0,10,15,11,FALSE
"iiaa6",1,46,0,8,3,7,"ty83m",71,2,35,30,24,FALSE
"gpsil",1,33,1,19,7,5,"ovmsp",84,3,70,90,24,FALSE
"w6d0l",1,33,1,15,15,19,"t8kq8",73,3,95,120,12,FALSE
"oezel",0,31,2,16,20,8,"r6jmd",84,4,150,300,41,FALSE
"yl50e",1,79,0,20,45,23,NA,NA,NA,NA,NA,NA,TRUE
"iwkv6",0,69,NA,9,16,6,NA,NA,NA,NA,NA,NA,TRUE
"r67r7",0,42,NA,8,8,4,"zwhg5",83,0,20,20,14,FALSE
"a1qb8",1,51,1,40,7,9,"d55cc",85,3,110,100,32,FALSE
"u0s9w",0,46,NA,4,8,5,"ydecv",75,3,100,50,17,FALSE
"zfn5c",1,79,1,30,32,20,NA,NA,NA,NA,NA,NA,TRUE
"zil9y",1,40,NA,3,3,13,NA,NA,NA,NA,NA,NA,FALSE
"mfrqr",0,73,2,14,7,5,NA,NA,NA,NA,NA,NA,FALSE
"sqdf2",0,53,NA,NA,NA,NA,"r6jmd",84,4,150,300,41,FALSE
"m4l0e",1,32,1,9,3,3,"qfdbf",79,0,20,45,23,FALSE
"gq0eh",1,44,2,16,3,5,"ty83m",71,2,35,30,24,FALSE
"cshgy",1,39,0,30,7,5,"d55cc",85,3,110,100,32,FALSE
"jf6x2",0,35,NA,NA,NA,NA,"c7ouq",79,1,30,32,20,FALSE
"gul4g",1,66,2,23,7,4,"mqo0i",90,2,110,160,31,TRUE
"zir7l",0,41,1,30,20,10,"c7ouq",79,1,30,32,20,FALSE
"p84mf",0,56,NA,NA,NA,NA,"mqo0i",90,2,110,160,31,FALSE
"jos8k",1,38,0,6,9,7,"jtahy",80,1,60,55,14,FALSE
"ai6y1",1,39,NA,5,4,9,"c7ouq",79,1,30,32,20,FALSE
"wcc45",0,46,NA,10,6,7,"jywkv",73,0,35,20,22,FALSE
"hlcw6",0,53,NA,12,8,7,"mqo0i",90,2,110,160,31,FALSE
"l2s3o",1,31,NA,17,10,3,"d7m1d",72,0,25,10,6,FALSE
"lmx35",1,35,NA,1,5,3,"uzsoe",85,0,55,70,21,FALSE
"vhp13",1,66,1,40,25,10,NA,NA,NA,NA,NA,NA,TRUE
"b317t",1,68,3,125,160,26,NA,NA,NA,NA,NA,NA,TRUE
"jj0gz",0,34,NA,2,4,4,"hvi12",87,2,60,45,21,FALSE
"xlhp0",1,48,NA,5,3,4,"jywkv",73,0,35,20,22,FALSE
"x5zyd",1,23,NA,NA,NA,NA,"hvi12",87,2,60,45,21,FALSE
"krow9",1,66,2,65,80,24,NA,NA,NA,NA,NA,NA,TRUE
"fj6og",1,33,NA,18,5,4,NA,NA,NA,NA,NA,NA,FALSE
"xs9ny",0,59,NA,6,6,5,"zwhg5",83,0,20,20,14,FALSE
"m9jo6",1,38,NA,10,6,6,"osgzw",66,1,40,25,10,FALSE
"civss",1,53,0,15,40,14,NA,NA,NA,NA,NA,NA,FALSE
"k8y1t",1,41,NA,2,2,9,"qfdbf",79,0,20,45,23,FALSE
"rpaip",0,44,NA,NA,NA,NA,"yv7q5",74,0,30,33,13,FALSE
"bgbib",0,34,NA,4,7,5,NA,NA,NA,NA,NA,NA,FALSE
"rg3zp",0,37,1,12,10,6,"ydecv",75,3,100,50,17,FALSE
"iz9u0",0,26,NA,NA,NA,NA,"nigg8",77,1,35,30,14,FALSE
"i73v6",1,65,NA,10,15,22,NA,NA,NA,NA,NA,NA,TRUE
"wd22d",1,41,NA,4,5,9,"uzsoe",85,0,55,70,21,FALSE
"ngx8v",0,42,NA,7,7,9,NA,NA,NA,NA,NA,NA,FALSE
"zrzn2",1,47,NA,10,5,4,NA,NA,NA,NA,NA,NA,FALSE
"qmt96",0,17,NA,NA,NA,NA,"lil7t",90,1,12,20,23,FALSE
"xp6nu",0,36,NA,NA,NA,NA,"hrjso",93,2,70,150,25,FALSE
"i5m0u",0,18,NA,NA,NA,NA,"ydecv",75,3,100,50,17,FALSE
"vai7x",1,47,NA,4,5,6,"uzsoe",85,0,55,70,21,FALSE
"wjt3a",1,44,2,15,7,4,"l3mau",92,3,75,100,29,FALSE
"lo0tg",0,39,NA,6,6,6,"yv7q5",74,0,30,33,13,FALSE
"weuey",0,60,0,6,6,4,"hvi12",87,2,60,45,21,FALSE
"s1e31",1,50,NA,10,7,5,"jtahy",80,1,60,55,14,FALSE
"mm6ej",0,30,NA,5,6,6,NA,NA,NA,NA,NA,NA,FALSE
"prjuc",1,49,NA,4,4,5,"c7ouq",79,1,30,32,20,FALSE
"dddhc",0,17,NA,NA,NA,NA,"uzsoe",85,0,55,70,21,FALSE
"ys3p7",0,38,NA,NA,NA,NA,"dd17q",68,3,125,160,26,FALSE
"bj5ll",1,49,NA,38,25,12,NA,NA,NA,NA,NA,NA,FALSE
"nttpo",1,48,NA,1,2,7,"qfdbf",79,0,20,45,23,FALSE
"vt7kn",1,33,NA,1,2,3,"lil7t",90,1,12,20,23,FALSE
"m20rb",1,61,1,16,7,12,"l3mau",92,3,75,100,29,FALSE
"cwfum",0,21,NA,NA,NA,NA,"qfdbf",79,0,20,45,23,FALSE
"wrhcz",1,74,0,30,33,13,NA,NA,NA,NA,NA,NA,TRUE
"v1bf6",1,45,NA,5,3,12,"jywkv",73,0,35,20,22,FALSE
"b1szo",0,54,3,9,14,10,NA,NA,NA,NA,NA,NA,FALSE
"hj6ws",1,37,NA,4,4,8,"nigg8",77,1,35,30,14,FALSE
"hry9d",0,37,0,4,8,6,"mqo0i",90,2,110,160,31,FALSE
"mb23o",0,32,NA,6,6,4,"d7m1d",72,0,25,10,6,FALSE
"udrws",1,37,NA,11,15,7,"t8kq8",73,3,95,120,12,FALSE
"ws1j0",0,43,0,12,6,7,"ty83m",71,2,35,30,24,FALSE
"hqpk8",1,36,NA,5,4,12,NA,NA,NA,NA,NA,NA,FALSE
"pf65x",0,18,NA,NA,NA,NA,"lil7t",90,1,12,20,23,FALSE
"qy6xa",0,57,NA,6,6,8,"hrjso",93,2,70,150,25,FALSE
"pahfk",0,56,NA,10,12,3,"l3mau",92,3,75,100,29,FALSE
"t67px",0,36,NA,20,18,7,"r6jmd",84,4,150,300,41,FALSE
"p8xa2",1,62,1,31,8,11,"mqo0i",90,2,110,160,31,FALSE
"bbjfr",1,53,NA,3,4,8,"nigg8",77,1,35,30,14,FALSE
"ygm62",0,33,NA,NA,NA,NA,"eq2zq",73,0,10,15,11,FALSE
"flha8",1,13,NA,NA,NA,NA,"dd17q",68,3,125,160,26,FALSE
"e18fx",0,73,1,13,5,6,NA,NA,NA,NA,NA,NA,FALSE
"m5jay",1,31,2,25,30,24,"t8kq8",73,3,95,120,12,FALSE
"qnixn",1,19,NA,NA,NA,NA,"qfdbf",79,0,20,45,23,FALSE
"lqyfz",1,44,1,30,11,10,"ydecv",75,3,100,50,17,FALSE
"i2b9w",0,34,NA,6,10,5,"r6jmd",84,4,150,300,41,FALSE
"nv711",1,41,NA,4,3,9,"ty83m",71,2,35,30,24,FALSE
"fto8d",1,52,1,20,17,9,"r6jmd",84,4,150,300,41,FALSE
"ytcv9",1,51,3,25,30,20,NA,NA,NA,NA,NA,NA,FALSE
"enk1s",0,37,NA,10,10,6,"l3mau",92,3,75,100,29,FALSE
"d0n5z",0,38,0,10,14,8,"ty83m",71,2,35,30,24,FALSE
"gsvgg",1,53,NA,10,4,7,"imv14",76,1,45,20,9,FALSE
"gt0s6",1,44,0,18,5,6,"hvi12",87,2,60,45,21,FALSE
"ysjxk",0,23,NA,NA,NA,NA,"pqe4n",78,1,45,20,16,FALSE
"er9z3",0,34,0,10,18,6,"t8kq8",73,3,95,120,12,FALSE
"oozip",1,56,0,17,9,10,"mqo0i",90,2,110,160,31,FALSE
"wlmix",0,53,NA,5,4,4,NA,NA,NA,NA,NA,NA,FALSE
"k4vfy",0,75,NA,0,2,5,NA,NA,NA,NA,NA,NA,TRUE
"s0yav",0,35,NA,9,9,7,NA,NA,NA,NA,NA,NA,FALSE
"ld48z",0,33,1,18,12,0,"osgzw",66,1,40,25,10,FALSE
"lcj0p",0,45,NA,10,4,3,"pqe4n",78,1,45,20,16,FALSE
"mq6yv",0,34,NA,4,2,1,"uzsoe",85,0,55,70,21,FALSE
"q1a15",1,45,1,6,4,5,"nigg8",77,1,35,30,14,FALSE
"sj063",1,47,NA,11,17,5,"r6jmd",84,4,150,300,41,FALSE
"abbxg",0,13,NA,NA,NA,NA,"mqo0i",90,2,110,160,31,FALSE
"ehofr",0,36,1,17,12,7,NA,NA,NA,NA,NA,NA,FALSE
"u3env",0,49,0,6,6,6,"pqe4n",78,1,45,20,16,FALSE
"zc8u3",1,40,1,25,7,5,"d55cc",85,3,110,100,32,FALSE
"yrpz3",1,40,NA,9,6,12,"yv7q5",74,0,30,33,13,FALSE
"bondi",0,50,NA,6,8,8,"uzsoe",85,0,55,70,21,FALSE
"p2321",1,46,NA,1,3,2,"eq2zq",73,0,10,15,11,FALSE
"ycpgl",0,36,NA,NA,NA,NA,"uzsoe",85,0,55,70,21,FALSE
"lk30y",1,40,1,9,17,3,"r6jmd",84,4,150,300,41,FALSE
"cw4o7",1,84,3,70,90,24,NA,NA,NA,NA,NA,NA,TRUE
"hhn3r",1,51,0,12,7,6,"l3mau",92,3,75,100,29,FALSE
"dji1n",1,35,NA,13,14,6,NA,NA,NA,NA,NA,NA,FALSE
"mi7iz",0,36,NA,6,12,5,"pqe4n",78,1,45,20,16,FALSE
"iu22q",0,49,NA,6,4,2,"d55cc",85,3,110,100,32,FALSE
"h0fe7",0,34,NA,4,2,4,"lil7t",90,1,12,20,23,FALSE
"fgffv",1,31,1,16,15,3,"t8kq8",73,3,95,120,12,FALSE
"h8cli",0,30,NA,NA,NA,NA,"qfdbf",79,0,20,45,23,FALSE
"bzeak",1,37,0,15,4,8,"c7ouq",79,1,30,32,20,FALSE
"k4j13",0,26,NA,NA,NA,NA,"hvi12",87,2,60,45,21,FALSE
"zsdrx",0,33,NA,12,6,2,"eq2zq",73,0,10,15,11,FALSE
"escyh",0,36,NA,NA,NA,NA,"r6jmd",84,4,150,300,41,FALSE
"eh6t7",0,61,NA,NA,NA,NA,"hrjso",93,2,70,150,25,FALSE
"zwp9c",0,39,NA,NA,NA,NA,"nigg8",77,1,35,30,14,FALSE
"a9rbi",1,51,NA,5,4,12,"nigg8",77,1,35,30,14,FALSE
"vstz9",1,58,1,12,15,6,NA,NA,NA,NA,NA,NA,TRUE
"qe268",1,50,0,15,5,8,"uzsoe",85,0,55,70,21,FALSE
"q29mx",0,37,NA,4,2,5,"zwhg5",83,0,20,20,14,FALSE
"rn196",1,75,3,100,50,17,NA,NA,NA,NA,NA,NA,TRUE
"rrx38",1,30,NA,10,6,4,NA,NA,NA,NA,NA,NA,FALSE
"kta5y",0,20,NA,NA,NA,NA,"c7ouq",79,1,30,32,20,FALSE
"l6eo0",1,33,NA,2,4,4,"c7ouq",79,1,30,32,20,FALSE
"r4v65",1,17,NA,NA,NA,NA,"jtahy",80,1,60,55,14,FALSE
"gjyoq",1,31,NA,2,10,4,"lil7t",90,1,12,20,23,FALSE
"p1yun",1,34,NA,7,4,8,NA,NA,NA,NA,NA,NA,FALSE
"gilga",1,42,NA,9,4,7,"imv14",76,1,45,20,9,FALSE
"gavnu",1,56,NA,13,4,3,"imv14",76,1,45,20,9,FALSE
"lbyuv",1,34,NA,4,5,6,"pqe4n",78,1,45,20,16,FALSE
"vs88m",1,83,0,20,20,14,NA,NA,NA,NA,NA,NA,TRUE
"bl9ch",0,39,NA,11,7,2,NA,NA,NA,NA,NA,NA,FALSE
"qwyyw",1,41,0,14,6,8,"osgzw",66,1,40,25,10,FALSE
"rgmtx",1,42,1,20,7,8,"d55cc",85,3,110,100,32,FALSE
"ebem1",0,33,NA,10,20,6,"pqe4n",78,1,45,20,16,FALSE
"rk0lu",0,30,NA,NA,NA,NA,"qfdbf",79,0,20,45,23,FALSE
"o2to5",0,86,NA,1,3,11,NA,NA,NA,NA,NA,NA,FALSE
"q3qqk",0,57,0,6,19,7,NA,NA,NA,NA,NA,NA,FALSE
"swjk6",1,53,NA,12,7,18,NA,NA,NA,NA,NA,NA,FALSE
"m0xaj",0,42,NA,6,6,6,"ydecv",75,3,100,50,17,FALSE
"tbqe1",0,80,NA,3,4,5,NA,NA,NA,NA,NA,NA,FALSE
"i3eii",1,44,NA,3,2,2,"pqe4n",78,1,45,20,16,FALSE
"gu56f",1,41,2,3,3,2,NA,NA,NA,NA,NA,NA,FALSE
"txubb",0,35,NA,NA,NA,NA,"d55cc",85,3,110,100,32,FALSE
"sva79",1,33,NA,1,2,6,"lil7t",90,1,12,20,23,FALSE
"naprm",1,38,NA,4,6,5,"eq2zq",73,0,10,15,11,FALSE
"wcp80",1,58,0,12,17,13,"r6jmd",84,4,150,300,41,FALSE
"ljimt",1,34,NA,5,2,6,"qfdbf",79,0,20,45,23,FALSE
"f594o",0,23,NA,NA,NA,NA,"c7ouq",79,1,30,32,20,FALSE
"av2st",1,43,NA,9,8,8,"jtahy",80,1,60,55,14,FALSE
"fiw60",1,38,NA,15,11,4,"ydecv",75,3,100,50,17,FALSE
"lfjko",1,34,NA,2,2,9,NA,NA,NA,NA,NA,NA,FALSE
"jg7vq",1,34,NA,10,6,4,"ty83m",71,2,35,30,24,FALSE
"ai8tg",1,31,NA,NA,NA,NA,"yv7q5",74,0,30,33,13,FALSE
"oes6d",1,46,2,30,11,6,"ydecv",75,3,100,50,17,FALSE
"ecr8y",1,85,3,110,100,32,NA,NA,NA,NA,NA,NA,TRUE
"np5sg",1,33,NA,15,11,5,"ydecv",75,3,100,50,17,FALSE
"d2r1b",0,45,1,16,12,9,"dd17q",68,3,125,160,26,FALSE
"uk6n4",0,30,NA,NA,NA,NA,"hrjso",93,2,70,150,25,FALSE
"y16ig",0,30,NA,5,6,6,NA,NA,NA,NA,NA,NA,FALSE
"za26a",1,44,NA,11,7,9,"l3mau",92,3,75,100,29,FALSE
"x1w78",1,35,NA,10,3,5,"ty83m",71,2,35,30,24,FALSE
"fbcu2",1,47,0,14,17,17,"r6jmd",84,4,150,300,41,FALSE
"f8ips",1,83,NA,45,25,32,NA,NA,NA,NA,NA,NA,FALSE
"l6cv2",0,33,NA,4,8,6,"yv7q5",74,0,30,33,13,FALSE
"qggfu",1,60,NA,38,20,16,NA,NA,NA,NA,NA,NA,TRUE
"ymksy",0,36,0,12,6,7,"ty83m",71,2,35,30,24,FALSE
"tisoo",0,59,NA,8,35,9,NA,NA,NA,NA,NA,NA,FALSE
"p97q5",1,47,NA,38,7,9,NA,NA,NA,NA,NA,NA,FALSE
"zy3ri",1,42,NA,5,3,5,"jywkv",73,0,35,20,22,FALSE
"v07ng",0,57,NA,6,4,2,"zwhg5",83,0,20,20,14,FALSE
"roqoe",1,85,0,55,70,21,NA,NA,NA,NA,NA,NA,TRUE
"zap4o",0,42,NA,NA,NA,NA,"jywkv",73,0,35,20,22,FALSE
"gg5xc",1,51,2,35,19,20,"hrjso",93,2,70,150,25,FALSE
"xgaxo",0,15,NA,NA,NA,NA,"ovmsp",84,3,70,90,24,FALSE
"gaqyl",0,34,0,12,20,6,"t8kq8",73,3,95,120,12,FALSE
"lg2uu",1,51,NA,2,2,1,"pqe4n",78,1,45,20,16,FALSE
"q3dom",0,32,NA,8,18,4,"ovmsp",84,3,70,90,24,FALSE
"n7uz3",1,55,NA,1,7,7,"ovmsp",84,3,70,90,24,FALSE
"dbrp7",0,39,NA,NA,NA,NA,"ovmsp",84,3,70,90,24,FALSE
"yo77q",1,78,3,100,100,23,NA,NA,NA,NA,NA,NA,FALSE
"oj504",1,53,NA,40,27,12,NA,NA,NA,NA,NA,NA,FALSE
"up80u",1,35,0,30,11,6,"ydecv",75,3,100,50,17,FALSE
"hnip0",0,33,NA,2,12,1,"lil7t",90,1,12,20,23,FALSE
"jj8gh",1,38,NA,3,3,4,"pqe4n",78,1,45,20,16,FALSE
"o8w31",1,55,1,30,7,9,"d55cc",85,3,110,100,32,FALSE
"ei1s8",0,17,NA,NA,NA,NA,"ovmsp",84,3,70,90,24,FALSE
"bnln9",0,13,NA,NA,NA,NA,"mqo0i",90,2,110,160,31,FALSE
"p2bhu",0,37,0,10,6,4,"uzsoe",85,0,55,70,21,FALSE
"sil51",1,44,NA,4,6,12,"yv7q5",74,0,30,33,13,FALSE
"fojrh",0,35,2,8,16,9,"d7m1d",72,0,25,10,6,FALSE
"qe62y",1,45,NA,9,7,8,"ovmsp",84,3,70,90,24,FALSE
"ta3m0",1,33,0,15,10,10,NA,NA,NA,NA,NA,NA,FALSE
"jpxq6",0,50,2,24,18,5,"c7ouq",79,1,30,32,20,FALSE
"onov5",1,42,1,4,3,17,"ty83m",71,2,35,30,24,FALSE
"jjusm",1,36,2,9,3,9,NA,NA,NA,NA,NA,NA,FALSE
"g10an",1,30,NA,NA,NA,NA,"hrjso",93,2,70,150,25,FALSE
"qfc43",1,32,NA,5,4,10,NA,NA,NA,NA,NA,NA,FALSE
"fjifg",0,34,2,8,12,5,"l3mau",92,3,75,100,29,FALSE
"lrm74",1,46,0,16,15,10,NA,NA,NA,NA,NA,NA,FALSE
"cjhpn",1,42,NA,7,17,7,"r6jmd",84,4,150,300,41,FALSE
"v7bhd",1,49,NA,1,6,6,"yv7q5",74,0,30,33,13,FALSE
"ml9ap",1,32,NA,11,10,0,"jtahy",80,1,60,55,14,FALSE
"oa3h6",0,50,NA,4,16,9,"ovmsp",84,3,70,90,24,FALSE
"r44lj",0,30,NA,10,18,6,NA,NA,NA,NA,NA,NA,FALSE
"ywne4",1,71,2,35,30,24,NA,NA,NA,NA,NA,NA,TRUE
"sk2fz",1,33,NA,NA,NA,NA,"zwhg5",83,0,20,20,14,FALSE
"t6dq3",1,31,NA,6,7,7,"ovmsp",84,3,70,90,24,FALSE
"dy7w9",1,35,NA,2,2,8,NA,NA,NA,NA,NA,NA,FALSE
"q8i57",0,40,NA,6,18,7,"hrjso",93,2,70,150,25,FALSE
"gz4uv",1,63,1,15,7,20,"mqo0i",90,2,110,160,31,FALSE
"js7pa",1,54,NA,12,3,9,"zwhg5",83,0,20,20,14,FALSE
"zqegb",0,39,0,10,6,7,"lil7t",90,1,12,20,23,FALSE
"evcd6",1,78,1,45,20,16,NA,NA,NA,NA,NA,NA,TRUE
